index,provinceEnglishName,province_confirmedCount,province_curedCount,province_deadCount,updateTime
0,Hong Kong,1655,1254,10,2020/7/16
1,Xinjiang,77,73,3,2020/7/16
2,Beijing,929,752,9,2020/7/16
3,Sichuan,599,590,3,2020/7/16
4,Gansu,167,165,2,2020/7/16
5,Shanghai,732,691,7,2020/7/16
6,Hong Kong,1588,1229,8,2020/7/15
7,Beijing,929,729,9,2020/7/15
8,Shanghai,731,690,7,2020/7/15
9,Sichuan,599,589,3,2020/7/15
10,Guangdong,1650,1636,8,2020/7/15
11,Taiwan,451,440,7,2020/7/15
12,Hebei,349,340,6,2020/7/15
13,Shaanxi,321,315,3,2020/7/15
14,Shanxi,201,198,0,2020/7/15
15,Yunnan,188,183,2,2020/7/15
16,Chongqing,583,576,6,2020/7/15
17,Gansu,167,164,2,2020/7/15
18,Beijing,929,694,9,2020/7/13
19,Shanghai,725,689,7,2020/7/13
20,Neimenggu,249,237,1,2020/7/13
21,Guangdong,1650,1634,8,2020/7/13
22,Shandong,793,785,7,2020/7/13
23,Hong Kong,1469,1214,7,2020/7/12
24,Beijing,929,680,9,2020/7/12
25,Zhejiang,1270,1267,1,2020/7/12
26,Shanghai,724,689,7,2020/7/12
27,Tianjin,203,195,3,2020/7/12
28,Tianjin,202,195,3,2020/7/11
29,Beijing,929,669,9,2020/7/11
30,Hong Kong,1431,1197,7,2020/7/11
31,Shanghai,722,689,7,2020/7/11
32,Liaoning,164,150,2,2020/7/11
33,Sichuan,599,587,3,2020/7/11
34,Neimenggu,245,237,1,2020/7/11
35,Guangdong,1648,1634,8,2020/7/11
36,Taiwan,451,438,7,2020/7/11
37,Shanxi,200,198,0,2020/7/11
38,Fujian,363,361,1,2020/7/11
39,Hong Kong,1365,1167,7,2020/7/9
40,Liaoning,162,150,2,2020/7/9
41,Sichuan,599,582,3,2020/7/9
42,Shaanxi,321,314,3,2020/7/9
43,Beijing,929,645,9,2020/7/9
44,Hebei,349,339,6,2020/7/9
45,Guangdong,1647,1631,8,2020/7/9
46,Shanghai,721,689,7,2020/7/9
47,Gansu,167,162,2,2020/7/9
48,Chongqing,582,575,6,2020/7/9
49,Tianjin,199,195,3,2020/7/8
50,Hong Kong,1323,1167,7,2020/7/8
51,Gansu,167,159,2,2020/7/8
52,Beijing,929,613,9,2020/7/8
53,Guangdong,1645,1631,8,2020/7/8
54,Neimenggu,244,237,1,2020/7/8
55,Yunnan,187,183,2,2020/7/8
56,Shanxi,199,198,0,2020/7/8
57,Shanghai,718,688,7,2020/7/7
58,Beijing,929,600,9,2020/7/7
59,Hong Kong,1299,1161,7,2020/7/7
60,Sichuan,598,581,3,2020/7/7
61,Gansu,167,156,2,2020/7/7
62,Liaoning,159,150,2,2020/7/7
63,Guangdong,1644,1631,8,2020/7/7
64,Neimenggu,240,237,1,2020/7/7
65,Hong Kong,1285,1157,7,2020/7/6
66,Shanghai,716,685,7,2020/7/6
67,Shaanxi,321,313,3,2020/7/6
68,Liaoning,157,150,2,2020/7/6
69,Beijing,929,596,9,2020/7/6
70,Hong Kong,1268,1156,7,2020/7/5
71,Neimenggu,239,237,1,2020/7/5
72,Beijing,928,595,9,2020/7/5
73,Sichuan,596,581,3,2020/7/5
74,Hebei,349,337,6,2020/7/5
75,Shaanxi,320,311,3,2020/7/5
76,Shanghai,716,681,7,2020/7/5
77,Gansu,167,154,2,2020/7/5
78,Guangdong,1643,1631,8,2020/7/5
79,Liaoning,156,150,2,2020/7/5
80,Tianjin,199,194,3,2020/7/4
81,Fujian,363,360,1,2020/7/4
82,Gansu,164,154,2,2020/7/4
83,Beijing,926,594,9,2020/7/4
84,Shanghai,715,681,7,2020/7/4
85,Hebei,349,336,6,2020/7/4
86,Guangdong,1643,1629,8,2020/7/4
87,Liaoning,156,149,2,2020/7/4
88,Taiwan,449,438,7,2020/7/3
89,Hong Kong,1247,1125,7,2020/7/3
90,Beijing,925,592,9,2020/7/3
91,Shanghai,714,678,7,2020/7/3
92,Sichuan,595,581,3,2020/7/3
93,Gansu,164,153,2,2020/7/3
94,Liaoning,156,148,2,2020/7/3
95,Guangdong,1642,1629,8,2020/7/3
96,Chongqing,582,574,6,2020/7/3
97,Yunnan,186,183,2,2020/7/3
98,Hong Kong,1242,1117,7,2020/7/2
99,Taiwan,448,438,7,2020/7/2
100,Beijing,923,589,9,2020/7/2
101,Shaanxi,320,310,3,2020/7/2
102,Shanghai,713,677,7,2020/7/2
103,Guangdong,1642,1627,8,2020/7/2
104,Gansu,164,149,2,2020/7/1
105,Shanghai,712,677,7,2020/7/1
106,Hong Kong,1233,1117,7,2020/7/1
107,Shaanxi,320,309,3,2020/7/1
108,Fujian,363,359,1,2020/7/1
109,Sichuan,595,580,3,2020/7/1
110,Beijing,922,587,9,2020/7/1
111,Liaoning,155,148,2,2020/7/1
112,Taiwan,447,437,7,2020/7/1
113,Hong Kong,1205,1105,7,2020/6/30
114,Jiangsu,654,654,0,2020/6/30
115,Gansu,164,143,2,2020/6/30
116,Hebei,349,334,6,2020/6/30
117,Beijing,919,586,9,2020/6/30
118,Sichuan,595,578,3,2020/6/30
119,Shaanxi,320,308,3,2020/6/30
120,Guangdong,1641,1627,8,2020/6/30
121,Shanghai,712,675,7,2020/6/30
122,Beijing,912,586,9,2020/6/29
123,Hebei,349,333,6,2020/6/29
124,Tianjin,198,194,3,2020/6/29
125,Shanghai,708,675,7,2020/6/29
126,Sichuan,592,577,3,2020/6/29
127,Liaoning,155,147,2,2020/6/29
128,Guangdong,1637,1625,8,2020/6/29
129,Neimenggu,238,237,1,2020/6/28
130,Hong Kong,1199,1104,7,2020/6/28
131,Shaanxi,320,307,3,2020/6/28
132,Shanghai,707,675,7,2020/6/28
133,Beijing,905,585,9,2020/6/28
134,Hebei,349,331,6,2020/6/28
135,Gansu,163,140,2,2020/6/28
136,Hong Kong,1197,1095,7,2020/6/27
137,Hebei,349,326,6,2020/6/27
138,Beijing,891,585,9,2020/6/27
139,Gansu,162,139,2,2020/6/27
140,Guangdong,1637,1622,8,2020/6/27
141,Shanghai,706,674,7,2020/6/27
142,Hong Kong,1196,1091,7,2020/6/26
143,Shanghai,705,674,7,2020/6/26
144,Hainan,171,165,6,2020/6/26
145,Hebei,349,324,6,2020/6/26
146,Tianjin,198,193,3,2020/6/26
147,Gansu,161,139,2,2020/6/26
148,Macau,46,45,0,2020/6/26
149,Beijing,874,585,9,2020/6/26
150,Taiwan,447,435,7,2020/6/26
151,Shanghai,703,672,7,2020/6/25
152,Hebei,349,323,6,2020/6/25
153,Sichuan,589,575,3,2020/6/25
154,Beijing,863,584,9,2020/6/25
155,Guangdong,1635,1621,8,2020/6/25
156,Gansu,161,138,2,2020/6/24
157,Hong Kong,1179,1086,6,2020/6/24
158,Shanghai,703,670,7,2020/6/24
159,Shaanxi,319,307,3,2020/6/24
160,Guangdong,1634,1620,8,2020/6/24
161,Hebei,348,323,6,2020/6/24
162,Sichuan,589,573,3,2020/6/24
163,Beijing,850,584,9,2020/6/24
164,Hong Kong,1177,1083,6,2020/6/23
165,Shaanxi,317,307,3,2020/6/23
166,Taiwan,446,435,7,2020/6/23
167,Jiangsu,654,653,0,2020/6/23
168,Sichuan,589,572,3,2020/6/23
169,Beijing,843,584,9,2020/6/23
170,Hebei,346,323,6,2020/6/23
171,Tianjin,198,192,3,2020/6/23
172,Guangdong,1634,1619,8,2020/6/23
173,Neimenggu,238,236,1,2020/6/23
174,Gansu,158,137,2,2020/6/22
175,Hong Kong,1161,1078,5,2020/6/22
176,Tianjin,198,191,3,2020/6/22
177,Shanghai,701,669,7,2020/6/22
178,Shaanxi,317,306,3,2020/6/22
179,Hebei,346,322,6,2020/6/22
180,Beijing,830,584,9,2020/6/22
181,Liaoning,154,147,2,2020/6/22
182,Hong Kong,1131,1077,5,2020/6/21
183,Shaanxi,316,306,3,2020/6/21
184,Fujian,363,357,1,2020/6/21
185,Hebei,344,322,6,2020/6/21
186,Guangdong,1634,1614,8,2020/6/21
187,Beijing,821,584,9,2020/6/21
188,Neimenggu,238,235,1,2020/6/21
189,Hong Kong,1128,1077,5,2020/6/20
190,Liaoning,153,147,2,2020/6/20
191,Beijing,799,584,9,2020/6/20
192,Shanghai,698,668,7,2020/6/20
193,Sichuan,589,570,3,2020/6/20
194,Guangdong,1634,1613,8,2020/6/20
195,Hebei,341,322,6,2020/6/20
196,Shandong,792,785,7,2020/6/20
197,Fujian,362,357,1,2020/6/19
198,Liaoning,153,147,2,2020/6/19
199,Sichuan,589,569,3,2020/6/19
200,Beijing,777,584,9,2020/6/19
201,Gansu,151,137,2,2020/6/19
202,Guangdong,1631,1604,8,2020/6/19
203,Hebei,340,322,6,2020/6/19
204,Hong Kong,1124,1072,4,2020/6/18
205,Taiwan,446,434,7,2020/6/18
206,Tianjin,197,191,3,2020/6/18
207,Beijing,752,584,9,2020/6/18
208,Shanghai,697,668,7,2020/6/18
209,Sichuan,589,567,3,2020/6/18
210,Guangdong,1628,1603,8,2020/6/18
211,Hebei,338,322,6,2020/6/18
212,Gansu,150,137,2,2020/6/17
213,Tianjin,197,189,3,2020/6/17
214,Hong Kong,1121,1071,4,2020/6/17
215,Taiwan,445,434,7,2020/6/17
216,Shanghai,695,668,7,2020/6/17
217,Shaanxi,314,306,3,2020/6/17
218,Hebei,336,322,6,2020/6/17
219,Zhejiang,1269,1267,1,2020/6/17
220,Sichuan,589,565,3,2020/6/17
221,Beijing,731,584,9,2020/6/17
222,Guangdong,1628,1593,8,2020/6/17
223,Hong Kong,1112,1069,4,2020/6/16
224,Liaoning,152,147,2,2020/6/16
225,Shandong,792,783,7,2020/6/16
226,Guangdong,1628,1592,8,2020/6/16
227,Shanghai,695,667,7,2020/6/16
228,Sichuan,588,564,3,2020/6/16
229,Hebei,335,322,6,2020/6/16
230,Neimenggu,238,234,1,2020/6/16
231,Beijing,700,584,9,2020/6/16
232,Sichuan,588,563,3,2020/6/15
233,Taiwan,445,433,7,2020/6/15
234,Hong Kong,1112,1067,4,2020/6/15
235,Hainan,171,163,6,2020/6/15
236,Beijing,673,584,9,2020/6/15
237,Fujian,362,356,1,2020/6/15
238,Shanghai,692,667,7,2020/6/15
239,Chongqing,582,573,6,2020/6/15
240,Hebei,331,322,6,2020/6/15
241,Beijing,645,584,9,2020/6/14
242,Shanghai,691,667,7,2020/6/14
243,Shaanxi,313,306,3,2020/6/14
244,Liaoning,151,147,2,2020/6/14
245,Chongqing,580,573,6,2020/6/14
246,Guangdong,1625,1590,8,2020/6/14
247,Sichuan,583,563,3,2020/6/14
248,Shandong,792,782,7,2020/6/14
249,Hong Kong,1109,1061,4,2020/6/13
250,Hainan,171,162,6,2020/6/13
251,Beijing,601,584,9,2020/6/13
252,Neimenggu,237,232,1,2020/6/13
253,Sichuan,583,562,3,2020/6/13
254,Shanghai,690,666,7,2020/6/13
255,Guangdong,1608,1590,8,2020/6/13
256,Hong Kong,1108,1060,4,2020/6/12
257,Beijing,597,584,9,2020/6/12
258,Tianjin,196,189,3,2020/6/12
259,Fujian,361,356,1,2020/6/12
260,Sichuan,582,561,3,2020/6/12
261,Shanghai,689,666,7,2020/6/12
262,Guangdong,1607,1589,8,2020/6/12
263,Neimenggu,237,231,1,2020/6/12
264,Beijing,595,584,9,2020/6/11
265,Shanghai,684,666,7,2020/6/11
266,Shaanxi,311,306,3,2020/6/11
267,Fujian,360,356,1,2020/6/11
268,Sichuan,582,560,3,2020/6/11
269,Guangdong,1607,1588,8,2020/6/11
270,Tianjin,195,189,3,2020/6/10
271,Hong Kong,1107,1051,4,2020/6/10
272,Taiwan,443,431,7,2020/6/10
273,Neimenggu,237,230,1,2020/6/10
274,Guangdong,1604,1587,8,2020/6/10
275,Hong Kong,1107,1050,4,2020/6/9
276,Shanghai,678,665,7,2020/6/9
277,Beijing,594,584,9,2020/6/9
278,Sichuan,582,558,3,2020/6/9
279,Guangdong,1604,1586,8,2020/6/9
280,Neimenggu,235,226,1,2020/6/9
281,Hong Kong,1107,1049,4,2020/6/8
282,Sichuan,581,558,3,2020/6/8
283,Guangdong,1602,1585,8,2020/6/8
284,Shandong,792,781,7,2020/6/8
285,Neimenggu,235,218,1,2020/6/8
286,Shanghai,678,664,7,2020/6/8
287,Hong Kong,1106,1049,4,2020/6/7
288,Taiwan,443,430,7,2020/6/7
289,Jilin,155,153,2,2020/6/7
290,Fujian,359,356,1,2020/6/7
291,Shaanxi,311,305,3,2020/6/7
292,Hainan,170,162,6,2020/6/7
293,Guangdong,1602,1584,8,2020/6/7
294,Shanghai,677,664,7,2020/6/7
295,Hong Kong,1105,1048,4,2020/6/6
296,Tianjin,193,189,3,2020/6/6
297,Guangdong,1601,1584,8,2020/6/6
298,Hong Kong,1102,1045,4,2020/6/5
299,Jilin,155,150,2,2020/6/5
300,Taiwan,443,429,7,2020/6/5
301,Shanghai,677,663,7,2020/6/5
302,Tianjin,192,189,3,2020/6/5
303,Hubei,68135,63623,4512,2020/6/5
304,Sichuan,578,558,3,2020/6/5
305,Guangdong,1598,1584,8,2020/6/5
306,Neimenggu,235,213,1,2020/6/5
307,Hong Kong,1099,1042,4,2020/6/4
308,Jilin,155,149,2,2020/6/4
309,Shanghai,673,662,7,2020/6/4
310,Beijing,594,583,9,2020/6/4
311,Neimenggu,235,212,1,2020/6/4
312,Guangdong,1598,1583,8,2020/6/4
313,Hong Kong,1093,1039,4,2020/6/3
314,Jilin,155,148,2,2020/6/3
315,Taiwan,443,428,7,2020/6/3
316,Jiangxi,932,931,1,2020/6/3
317,Heilongjiang,947,934,13,2020/6/3
318,Beijing,594,582,9,2020/6/3
319,Guangdong,1597,1583,8,2020/6/3
320,Hong Kong,1093,1038,4,2020/6/2
321,Shanghai,673,661,7,2020/6/2
322,Sichuan,577,558,3,2020/6/2
323,Neimenggu,235,209,1,2020/6/2
324,Guangdong,1596,1583,8,2020/6/2
325,Jilin,155,147,2,2020/6/1
326,Fujian,358,356,1,2020/6/1
327,Shanghai,672,660,7,2020/6/1
328,Taiwan,443,427,7,2020/6/1
329,Hong Kong,1087,1037,4,2020/6/1
330,Shaanxi,309,305,3,2020/6/1
331,Hubei,68135,63620,4512,2020/6/1
332,Sichuan,575,558,3,2020/6/1
333,Guangdong,1595,1583,8,2020/6/1
334,Neimenggu,235,207,1,2020/6/1
335,Hong Kong,1084,1037,4,2020/5/31
336,Taiwan,442,423,7,2020/5/31
337,Shandong,792,780,7,2020/5/31
338,Jilin,155,144,2,2020/5/31
339,Shandong,791,780,7,2020/5/30
340,Taiwan,442,421,7,2020/5/30
341,Hong Kong,1082,1036,4,2020/5/30
342,Neimenggu,232,206,1,2020/5/30
343,Hubei,68135,63619,4512,2020/5/30
344,Shanghai,672,657,7,2020/5/30
345,Guangdong,1593,1583,8,2020/5/30
346,Hainan,169,163,6,2020/5/29
347,Hong Kong,1079,1035,4,2020/5/29
348,Jilin,155,142,2,2020/5/29
349,Taiwan,442,420,7,2020/5/29
350,Shanghai,671,657,7,2020/5/29
351,Hong Kong,1066,1035,4,2020/5/28
352,Jilin,155,136,2,2020/5/28
353,Taiwan,441,420,7,2020/5/28
354,Fujian,358,355,1,2020/5/28
355,Guangdong,1592,1582,8,2020/5/28
356,Shanghai,671,655,7,2020/5/28
357,Hong Kong,1066,1034,4,2020/5/27
358,Taiwan,441,419,7,2020/5/27
359,Shanghai,670,655,7,2020/5/27
360,Hubei,68135,63618,4512,2020/5/27
361,Neimenggu,232,205,1,2020/5/27
362,Hong Kong,1065,1033,4,2020/5/26
363,Taiwan,441,416,7,2020/5/26
364,Shanghai,669,653,7,2020/5/26
365,Fujian,357,355,1,2020/5/26
366,Neimenggu,232,204,1,2020/5/26
367,Liaoning,149,147,2,2020/5/26
368,Taiwan,441,415,7,2020/5/25
369,Shanghai,668,652,7,2020/5/25
370,Hubei,68135,63617,4512,2020/5/25
371,Sichuan,564,558,3,2020/5/25
372,Neimenggu,227,201,1,2020/5/25
373,Guangdong,1592,1581,8,2020/5/25
374,Tianjin,192,188,3,2020/5/25
375,Hong Kong,1065,1030,4,2020/5/24
376,Liaoning,149,145,2,2020/5/24
377,Shanghai,668,648,7,2020/5/24
378,Shaanxi,308,305,3,2020/5/24
379,Guangdong,1592,1580,8,2020/5/24
380,Beijing,593,581,9,2020/5/24
381,Jilin,155,128,2,2020/5/24
382,Taiwan,441,411,7,2020/5/24
383,Shaanxi,308,304,3,2020/5/23
384,Taiwan,441,408,7,2020/5/23
385,Jilin,154,128,2,2020/5/23
386,Shanghai,667,647,7,2020/5/23
387,Hong Kong,1065,1029,4,2020/5/22
388,Taiwan,441,407,7,2020/5/22
389,Jilin,154,127,2,2020/5/22
390,Neimenggu,217,199,1,2020/5/22
391,Shanghai,667,646,7,2020/5/22
392,Beijing,593,579,9,2020/5/22
393,Guangdong,1591,1580,8,2020/5/22
394,Sichuan,563,558,3,2020/5/22
395,Shanghai,667,645,7,2020/5/20
396,Neimenggu,217,196,1,2020/5/20
397,Jilin,152,125,2,2020/5/20
398,Macau,45,45,0,2020/5/19
399,Taiwan,440,401,7,2020/5/19
400,Shanghai,666,642,7,2020/5/19
401,Jilin,151,123,2,2020/5/19
402,Hubei,68135,63616,4512,2020/5/19
403,Shaanxi,308,303,3,2020/5/19
404,Neimenggu,216,196,1,2020/5/19
405,Hong Kong,1055,1025,4,2020/5/18
406,Taiwan,440,398,7,2020/5/18
407,Hebei,328,322,6,2020/5/18
408,Beijing,593,578,9,2020/5/18
409,Jilin,146,122,2,2020/5/18
410,Neimenggu,213,196,1,2020/5/18
411,Shanghai,666,641,7,2020/5/18
412,Hong Kong,1055,1024,4,2020/5/17
413,Taiwan,440,395,7,2020/5/17
414,Tianjin,192,187,3,2020/5/17
415,Jilin,144,113,2,2020/5/17
416,Beijing,593,577,9,2020/5/17
417,Guangdong,1590,1579,8,2020/5/17
418,Heilongjiang,945,932,13,2020/5/17
419,Macau,45,44,0,2020/5/17
420,Shanghai,665,641,7,2020/5/16
421,Jilin,140,108,1,2020/5/16
422,Shaanxi,308,301,3,2020/5/16
423,Neimenggu,209,196,1,2020/5/16
424,Beijing,593,576,9,2020/5/16
425,Heilongjiang,945,931,13,2020/5/16
426,Shandong,788,780,7,2020/5/16
427,Hainan,169,162,6,2020/5/15
428,Hong Kong,1052,1019,4,2020/5/15
429,Taiwan,440,387,7,2020/5/15
430,Shanghai,660,640,7,2020/5/15
431,Shaanxi,308,300,3,2020/5/15
432,Fujian,356,355,1,2020/5/15
433,Shandong,788,778,7,2020/5/15
434,Jilin,138,108,1,2020/5/15
435,Neimenggu,209,194,1,2020/5/15
436,Hong Kong,1051,1009,4,2020/5/14
437,Taiwan,440,383,7,2020/5/14
438,Shanghai,660,638,7,2020/5/14
439,Beijing,593,574,9,2020/5/14
440,Guangdong,1589,1579,8,2020/5/14
441,Tianjin,191,187,3,2020/5/14
442,Jilin,134,108,1,2020/5/14
443,Liaoning,149,144,2,2020/5/14
444,Heilongjiang,945,930,13,2020/5/14
445,Taiwan,440,375,7,2020/5/13
446,Macau,45,43,0,2020/5/13
447,Hong Kong,1050,1008,4,2020/5/13
448,Shanghai,660,633,7,2020/5/13
449,Neimenggu,209,190,1,2020/5/13
450,Beijing,593,573,9,2020/5/13
451,Shaanxi,308,297,3,2020/5/13
452,Jilin,133,108,1,2020/5/13
453,Heilongjiang,945,929,13,2020/5/13
454,Shanxi,198,198,0,2020/5/13
455,Taiwan,440,372,7,2020/5/12
456,Hong Kong,1047,991,4,2020/5/12
457,Shanghai,659,631,7,2020/5/12
458,Shaanxi,308,296,3,2020/5/12
459,Beijing,593,571,9,2020/5/12
460,Heilongjiang,945,924,13,2020/5/12
461,Guangdong,1589,1578,8,2020/5/12
462,Neimenggu,209,188,1,2020/5/12
463,Hong Kong,1047,985,4,2020/5/11
464,Macau,45,42,0,2020/5/11
465,Taiwan,440,368,7,2020/5/11
466,Jiangsu,653,653,0,2020/5/11
467,Beijing,593,568,9,2020/5/11
468,Shaanxi,308,294,3,2020/5/11
469,Heilongjiang,945,904,13,2020/5/11
470,Guangdong,1589,1577,8,2020/5/11
471,Shandong,788,777,7,2020/5/11
472,Jilin,127,105,1,2020/5/11
473,Neimenggu,208,187,1,2020/5/11
474,Hubei,68134,63616,4512,2020/5/11
475,Macau,45,41,0,2020/5/10
476,Liaoning,147,144,2,2020/5/10
477,Shanghai,659,627,7,2020/5/10
478,Hong Kong,1047,982,4,2020/5/10
479,Taiwan,440,366,6,2020/5/10
480,Heilongjiang,944,891,13,2020/5/10
481,Shaanxi,308,293,3,2020/5/10
482,Hubei,68129,63616,4512,2020/5/10
483,Beijing,593,565,9,2020/5/10
484,Jilin,124,105,1,2020/5/10
485,Hebei,328,321,6,2020/5/10
486,Neimenggu,201,184,1,2020/5/10
487,Shanxi,198,197,0,2020/5/10
488,Yunnan,185,183,2,2020/5/10
489,Hong Kong,1044,967,4,2020/5/9
490,Heilongjiang,944,835,13,2020/5/9
491,Taiwan,440,361,6,2020/5/9
492,Neimenggu,201,175,1,2020/5/9
493,Shanghai,657,626,7,2020/5/9
494,Beijing,593,563,9,2020/5/9
495,Shaanxi,308,292,3,2020/5/9
496,Jilin,113,105,1,2020/5/9
497,Guangdong,1589,1576,8,2020/5/9
498,Shanxi,198,196,0,2020/5/9
499,Taiwan,440,355,6,2020/5/8
500,Hong Kong,1044,960,4,2020/5/8
501,Tianjin,191,186,3,2020/5/8
502,Shandong,788,776,7,2020/5/8
503,Beijing,593,560,9,2020/5/8
504,Shaanxi,308,268,3,2020/5/8
505,Jiangsu,653,652,0,2020/5/8
506,Jilin,113,104,1,2020/5/8
507,Heilongjiang,944,815,13,2020/5/8
508,Neimenggu,201,172,1,2020/5/8
509,Shanxi,198,195,0,2020/5/8
510,Yunnan,185,182,2,2020/5/8
511,Hong Kong,1044,944,4,2020/5/7
512,Taiwan,440,347,6,2020/5/7
513,Shanghai,657,623,7,2020/5/7
514,Neimenggu,201,171,1,2020/5/7
515,Shaanxi,308,266,3,2020/5/7
516,Beijing,593,557,9,2020/5/7
517,Jiangsu,653,651,0,2020/5/7
518,Fujian,356,354,1,2020/5/7
519,Guangdong,1589,1575,8,2020/5/7
520,Heilongjiang,944,793,13,2020/5/7
521,Macau,45,40,0,2020/5/7
522,Shanxi,198,194,0,2020/5/7
523,Guangdong,1588,1580,8,2020/5/6
524,Heilongjiang,944,783,13,2020/5/6
525,Taiwan,439,339,6,2020/5/6
526,Shaanxi,308,264,3,2020/5/6
527,Beijing,593,555,9,2020/5/6
528,Neimenggu,201,167,1,2020/5/6
529,Shandong,788,775,7,2020/5/6
530,Shanxi,198,193,0,2020/5/6
531,Heilongjiang,944,753,13,2020/5/5
532,Hong Kong,1040,920,4,2020/5/5
533,Shanghai,656,620,7,2020/5/5
534,Hebei,328,320,6,2020/5/5
535,Zhejiang,1268,1267,1,2020/5/5
536,Neimenggu,201,160,1,2020/5/5
537,Beijing,593,554,9,2020/5/5
538,Guangdong,1588,1571,8,2020/5/5
539,Shanxi,198,190,0,2020/5/5
540,Taiwan,438,334,6,2020/5/4
541,Hong Kong,1040,900,4,2020/5/4
542,Shanghai,655,619,7,2020/5/4
543,Heilongjiang,944,657,13,2020/5/4
544,Neimenggu,201,156,1,2020/5/4
545,Shaanxi,306,263,3,2020/5/4
546,Beijing,593,553,9,2020/5/4
547,Shanxi,198,180,0,2020/5/4
548,Guangdong,1588,1569,8,2020/5/4
549,Shandong,788,773,7,2020/5/4
550,Heilongjiang,944,620,13,2020/5/3
551,Hong Kong,1039,879,4,2020/5/3
552,Taiwan,432,332,6,2020/5/3
553,Shaanxi,306,260,3,2020/5/3
554,Beijing,593,551,9,2020/5/3
555,Shanghai,653,615,7,2020/5/3
556,Shanxi,198,176,0,2020/5/3
557,Jilin,112,103,1,2020/5/3
558,Macau,45,39,0,2020/5/3
559,Tianjin,190,186,3,2020/5/3
560,Hong Kong,1039,864,4,2020/5/2
561,Taiwan,432,324,6,2020/5/2
562,Shaanxi,306,255,3,2020/5/2
563,Jilin,112,102,1,2020/5/2
564,Heilongjiang,944,604,13,2020/5/2
565,Macau,45,37,0,2020/5/2
566,Shanxi,197,176,0,2020/5/2
567,Guangdong,1588,1567,8,2020/5/2
568,Neimenggu,201,154,1,2020/5/2
569,Zhejiang,1268,1265,1,2020/5/2
570,Tianjin,190,185,3,2020/5/2
571,Liaoning,146,144,2,2020/5/2
572,Taiwan,429,324,6,2020/5/1
573,Shanghai,652,612,7,2020/5/1
574,Hong Kong,1039,859,4,2020/5/1
575,Heilongjiang,944,605,13,2020/5/1
576,Shaanxi,306,254,3,2020/5/1
577,Zhejiang,1268,1264,1,2020/5/1
578,Tianjin,190,184,3,2020/5/1
579,Jiangsu,653,650,0,2020/5/1
580,Fujian,356,353,1,2020/5/1
581,Beijing,593,547,9,2020/5/1
582,Guangdong,1588,1565,8,2020/5/1
583,Neimenggu,201,152,1,2020/5/1
584,Shanxi,197,172,0,2020/5/1
585,Jilin,111,101,1,2020/5/1
586,Macau,45,35,0,2020/4/30
587,Hong Kong,1037,846,4,2020/4/30
588,Taiwan,429,322,6,2020/4/30
589,Shanghai,647,599,7,2020/4/30
590,Zhejiang,1268,1263,1,2020/4/30
591,Jiangsu,653,648,0,2020/4/30
592,Shanxi,197,164,0,2020/4/30
593,Fujian,355,353,1,2020/4/30
594,Neimenggu,200,150,1,2020/4/30
595,Beijing,593,542,9,2020/4/30
596,Guangdong,1588,1557,8,2020/4/30
597,Jilin,111,99,1,2020/4/30
598,Shandong,787,772,7,2020/4/30
599,Hong Kong,1037,830,4,2020/4/29
600,Macau,45,34,0,2020/4/29
601,Taiwan,429,311,6,2020/4/29
602,Shanghai,645,597,7,2020/4/29
603,Zhejiang,1268,1262,1,2020/4/29
604,Fujian,355,352,1,2020/4/29
605,Jiangsu,653,647,0,2020/4/29
606,Guangdong,1588,1554,8,2020/4/29
607,Heilongjiang,939,587,13,2020/4/29
608,Shandong,787,771,7,2020/4/29
609,Neimenggu,199,146,1,2020/4/29
610,Tianjin,190,183,3,2020/4/29
611,Hong Kong,1037,811,4,2020/4/28
612,Beijing,593,538,9,2020/4/28
613,Taiwan,429,307,6,2020/4/28
614,Shanghai,644,584,7,2020/4/28
615,Shaanxi,306,253,3,2020/4/28
616,Zhejiang,1268,1261,1,2020/4/28
617,Guangdong,1587,1547,8,2020/4/28
618,Heilongjiang,939,586,13,2020/4/28
619,Neimenggu,199,145,1,2020/4/28
620,Shanxi,197,160,0,2020/4/28
621,Hong Kong,1037,787,4,2020/4/27
622,Macau,45,32,0,2020/4/27
623,Shanghai,642,581,7,2020/4/27
624,Taiwan,429,290,6,2020/4/27
625,Guangdong,1587,1542,8,2020/4/27
626,Hubei,68128,63616,4512,2020/4/27
627,Zhejiang,1268,1258,1,2020/4/27
628,Beijing,593,525,9,2020/4/27
629,Shandong,787,768,7,2020/4/27
630,Heilongjiang,936,556,13,2020/4/27
631,Neimenggu,198,129,1,2020/4/27
632,Jilin,110,99,1,2020/4/27
633,Shanxi,197,157,0,2020/4/27
634,Macau,45,31,0,2020/4/26
635,Taiwan,429,281,6,2020/4/26
636,Shanghai,642,568,7,2020/4/26
637,Zhejiang,1268,1257,1,2020/4/26
638,Tianjin,190,182,3,2020/4/26
639,Shanxi,197,154,0,2020/4/26
640,Hubei,68128,63604,4512,2020/4/26
641,Guangdong,1586,1542,8,2020/4/26
642,Neimenggu,198,121,1,2020/4/26
643,Heilongjiang,935,511,13,2020/4/26
644,Yunnan,185,181,2,2020/4/26
645,Heilongjiang,930,509,13,2020/4/25
646,Hong Kong,1037,753,4,2020/4/25
647,Taiwan,429,264,6,2020/4/25
648,Shanghai,641,558,7,2020/4/25
649,Neimenggu,197,114,1,2020/4/25
650,Tianjin,190,181,3,2020/4/25
651,Beijing,593,525,8,2020/4/25
652,Shaanxi,286,253,3,2020/4/25
653,Fujian,355,349,1,2020/4/25
654,Hubei,68128,63593,4512,2020/4/25
655,Guangdong,1585,1534,8,2020/4/25
656,Shandong,787,767,7,2020/4/25
657,Hebei,328,318,6,2020/4/25
658,Shanxi,197,149,0,2020/4/25
659,Jilin,109,99,1,2020/4/25
660,Yunnan,185,180,2,2020/4/25
661,Hong Kong,1035,725,4,2020/4/24
662,Anhui,991,985,6,2020/4/24
663,Tianjin,190,179,3,2020/4/24
664,Taiwan,428,264,6,2020/4/24
665,Shanghai,641,547,7,2020/4/24
666,Fujian,355,346,1,2020/4/24
667,Beijing,593,524,8,2020/4/24
668,Zhejiang,1268,1256,1,2020/4/24
669,Hubei,68128,63569,4512,2020/4/24
670,Heilongjiang,928,485,13,2020/4/24
671,Guangdong,1585,1528,8,2020/4/24
672,Jiangsu,653,646,0,2020/4/24
673,Sichuan,561,558,3,2020/4/24
674,Jilin,108,99,1,2020/4/24
675,Yunnan,184,180,2,2020/4/24
676,Chongqing,579,573,6,2020/4/24
677,Tianjin,189,179,3,2020/4/23
678,Heilongjiang,925,487,13,2020/4/23
679,Shanghai,640,533,7,2020/4/23
680,Taiwan,427,253,6,2020/4/23
681,Hong Kong,1035,699,4,2020/4/23
682,Macau,45,27,0,2020/4/23
683,Zhejiang,1268,1254,1,2020/4/23
684,Hubei,68128,63547,4512,2020/4/23
685,Beijing,593,522,8,2020/4/23
686,Guangdong,1584,1518,8,2020/4/23
687,Shanxi,197,142,0,2020/4/23
688,Jilin,107,98,1,2020/4/23
689,Sichuan,561,557,3,2020/4/23
690,Macau,45,26,0,2020/4/22
691,Taiwan,426,236,6,2020/4/22
692,Hong Kong,1033,678,4,2020/4/22
693,Heilongjiang,921,479,13,2020/4/22
694,Shanghai,639,534,7,2020/4/22
695,Shaanxi,279,253,3,2020/4/22
696,Fujian,355,342,1,2020/4/22
697,Jilin,106,98,1,2020/4/22
698,Hubei,68128,63519,4512,2020/4/22
699,Guangdong,1582,1511,8,2020/4/22
700,Zhejiang,1268,1252,1,2020/4/22
701,Beijing,593,518,8,2020/4/22
702,Jiangsu,653,645,0,2020/4/22
703,Sichuan,561,556,3,2020/4/22
704,Shandong,787,766,7,2020/4/22
705,Tianjin,189,176,3,2020/4/21
706,Taiwan,425,217,6,2020/4/21
707,Hong Kong,1029,650,4,2020/4/21
708,Macau,45,24,0,2020/4/21
709,Shaanxi,277,253,3,2020/4/21
710,Zhejiang,1268,1251,1,2020/4/21
711,Fujian,355,341,1,2020/4/21
712,Jiangsu,653,644,0,2020/4/21
713,Jilin,106,97,1,2020/4/21
714,Neimenggu,194,108,1,2020/4/21
715,Hubei,68128,63514,4512,2020/4/21
716,Beijing,593,516,8,2020/4/21
717,Guangdong,1582,1501,8,2020/4/21
718,Heilongjiang,913,475,13,2020/4/21
719,Shanxi,197,140,0,2020/4/21
720,Taiwan,422,203,6,2020/4/20
721,Hong Kong,1025,630,4,2020/4/20
722,Macau,45,22,0,2020/4/20
723,Shanghai,638,530,7,2020/4/20
724,Zhejiang,1268,1249,1,2020/4/20
725,Hubei,68128,63511,4512,2020/4/20
726,Guangdong,1581,1494,8,2020/4/20
727,Beijing,593,514,8,2020/4/20
728,Heilongjiang,905,472,13,2020/4/20
729,Neimenggu,194,104,1,2020/4/20
730,Hebei,328,317,6,2020/4/20
731,Liaoning,146,143,2,2020/4/20
732,Macau,45,20,0,2020/4/19
733,Tianjin,189,174,3,2020/4/19
734,Shanghai,635,521,7,2020/4/19
735,Hong Kong,1025,602,4,2020/4/19
736,Taiwan,420,189,6,2020/4/19
737,Zhejiang,1268,1247,1,2020/4/19
738,Fujian,355,339,1,2020/4/19
739,Hubei,68128,63507,4512,2020/4/19
740,Sichuan,561,554,3,2020/4/19
741,Guizhou,147,145,2,2020/4/19
742,Heilongjiang,898,472,13,2020/4/19
743,Guangdong,1580,1490,8,2020/4/19
744,Beijing,593,510,8,2020/4/19
745,Jilin,104,97,1,2020/4/19
746,Yunnan,184,178,2,2020/4/19
747,Hong Kong,1024,568,4,2020/4/18
748,Taiwan,398,178,6,2020/4/18
749,Shandong,787,765,7,2020/4/18
750,Sichuan,561,553,3,2020/4/18
751,Neimenggu,193,104,1,2020/4/18
752,Hubei,68128,63494,4512,2020/4/18
753,Hunan,1019,1015,4,2020/4/18
754,Guangdong,1579,1482,8,2020/4/18
755,Fujian,355,336,1,2020/4/18
756,Macau,45,17,0,2020/4/18
757,Heilongjiang,892,472,13,2020/4/18
758,Liaoning,146,142,2,2020/4/18
759,Tianjin,189,173,3,2020/4/17
760,Hong Kong,1021,533,4,2020/4/17
761,Taiwan,395,166,6,2020/4/17
762,Shanghai,628,512,7,2020/4/17
763,Hubei,68128,63487,4512,2020/4/17
764,Beijing,593,509,8,2020/4/17
765,Zhejiang,1268,1246,1,2020/4/17
766,Neimenggu,193,103,1,2020/4/17
767,Hebei,328,316,6,2020/4/17
768,Jiangsu,653,643,0,2020/4/17
769,Shaanxi,256,252,3,2020/4/17
770,Fujian,354,334,1,2020/4/17
771,Guangdong,1577,1475,8,2020/4/17
772,Shandong,787,761,7,2020/4/17
773,Heilongjiang,872,471,13,2020/4/17
774,Liaoning,146,140,2,2020/4/17
775,Jilin,102,97,1,2020/4/17
776,Shanxi,197,135,0,2020/4/17
777,Yunnan,184,177,2,2020/4/17
778,Tianjin,186,172,3,2020/4/16
779,Gansu,139,137,2,2020/4/16
780,Taiwan,395,155,6,2020/4/16
781,Hong Kong,1017,485,4,2020/4/16
782,Liaoning,145,140,2,2020/4/16
783,Shanghai,628,489,7,2020/4/16
784,Heilongjiang,861,471,13,2020/4/16
785,Fujian,353,333,1,2020/4/16
786,Hebei,328,315,6,2020/4/16
787,Hubei,67803,64435,3222,2020/4/16
788,Guangdong,1571,1471,8,2020/4/16
789,Beijing,593,503,8,2020/4/16
790,Sichuan,560,552,3,2020/4/16
791,Neimenggu,193,94,1,2020/4/16
792,Shanxi,194,135,0,2020/4/16
793,Hong Kong,1017,459,4,2020/4/15
794,Taiwan,395,124,6,2020/4/15
795,Macau,45,16,0,2020/4/15
796,Tianjin,185,171,3,2020/4/15
797,Shanghai,622,485,7,2020/4/15
798,Zhejiang,1268,1244,1,2020/4/15
799,Fujian,353,331,1,2020/4/15
800,Hubei,67803,64402,3222,2020/4/15
801,Guangdong,1566,1462,8,2020/4/15
802,Shaanxi,256,251,3,2020/4/15
803,Beijing,590,495,8,2020/4/15
804,Jiangsu,653,642,0,2020/4/15
805,Sichuan,560,550,3,2020/4/15
806,Shandong,784,761,7,2020/4/15
807,Heilongjiang,841,470,13,2020/4/15
808,Neimenggu,190,94,1,2020/4/15
809,Shanxi,186,135,0,2020/4/15
810,Jilin,102,96,1,2020/4/15
811,Yunnan,184,176,2,2020/4/15
812,Tianjin,185,168,3,2020/4/14
813,Gansu,139,136,2,2020/4/14
814,Taiwan,393,124,6,2020/4/14
815,Shanghai,618,468,7,2020/4/14
816,Hong Kong,1012,434,4,2020/4/14
817,Guangdong,1564,1458,8,2020/4/14
818,Fujian,353,329,1,2020/4/14
819,Jiangsu,653,641,0,2020/4/14
820,Hebei,327,314,6,2020/4/14
821,Zhejiang,1267,1242,1,2020/4/14
822,Beijing,589,491,8,2020/4/14
823,Hubei,67803,64363,3221,2020/4/14
824,Heilongjiang,819,470,13,2020/4/14
825,Shandong,784,759,7,2020/4/14
826,Henan,1276,1254,22,2020/4/14
827,Liaoning,145,138,2,2020/4/14
828,Yunnan,184,175,2,2020/4/14
829,Neimenggu,190,91,1,2020/4/14
830,Tianjin,184,164,3,2020/4/13
831,Hong Kong,1009,360,4,2020/4/13
832,Taiwan,393,109,6,2020/4/13
833,Heilongjiang,740,470,13,2020/4/13
834,Hubei,67803,64338,3221,2020/4/13
835,Shanghai,618,446,7,2020/4/13
836,Neimenggu,190,83,1,2020/4/13
837,Beijing,589,484,8,2020/4/13
838,Guangdong,1555,1454,8,2020/4/13
839,Zhejiang,1267,1239,1,2020/4/13
840,Fujian,352,325,1,2020/4/13
841,Shandong,784,758,7,2020/4/13
842,Sichuan,560,548,3,2020/4/13
843,Jilin,100,96,1,2020/4/13
844,Shanxi,173,135,0,2020/4/13
845,Tianjin,183,161,3,2020/4/12
846,Macau,45,13,0,2020/4/12
847,Hong Kong,1004,360,4,2020/4/12
848,Neimenggu,189,83,1,2020/4/12
849,Taiwan,388,109,6,2020/4/12
850,Shanghai,607,446,7,2020/4/12
851,Hubei,67803,64281,3219,2020/4/12
852,Heilongjiang,684,470,13,2020/4/12
853,Beijing,589,479,8,2020/4/12
854,Guangdong,1552,1443,8,2020/4/12
855,Fujian,352,321,1,2020/4/12
856,Zhejiang,1267,1238,1,2020/4/12
857,Jiangsu,653,638,0,2020/4/12
858,Liaoning,145,136,2,2020/4/12
859,Jilin,99,96,1,2020/4/12
860,Henan,1276,1253,22,2020/4/12
861,Tianjin,183,161,3,2020/4/11
862,Hong Kong,1000,336,4,2020/4/11
863,Shanghai,555,438,7,2020/4/11
864,Taiwan,385,99,6,2020/4/11
865,Neimenggu,155,79,1,2020/4/11
866,Zhejiang,1267,1236,1,2020/4/11
867,Fujian,351,317,1,2020/4/11
868,Hubei,67803,64264,3219,2020/4/11
869,Guangdong,1548,1437,8,2020/4/11
870,Jiangsu,652,636,0,2020/4/11
871,Shaanxi,256,248,3,2020/4/11
872,Beijing,589,474,8,2020/4/11
873,Sichuan,560,547,3,2020/4/11
874,Shandong,784,757,7,2020/4/11
875,Heilongjiang,661,470,13,2020/4/11
876,Liaoning,145,133,2,2020/4/11
877,Jilin,98,96,1,2020/4/11
878,Shanxi,172,135,0,2020/4/11
879,Yunnan,184,174,2,2020/4/11
880,Tianjin,183,158,3,2020/4/10
881,Taiwan,382,91,6,2020/4/10
882,Hong Kong,989,309,4,2020/4/10
883,Shanghai,555,435,7,2020/4/10
884,Guangdong,1544,1434,8,2020/4/10
885,Hubei,67803,64236,3216,2020/4/10
886,Jiangsu,651,634,0,2020/4/10
887,Jiangxi,937,936,1,2020/4/10
888,Beijing,588,469,8,2020/4/10
889,Sichuan,560,546,3,2020/4/10
890,Heilongjiang,638,470,13,2020/4/10
891,Fujian,351,311,1,2020/4/10
892,Neimenggu,128,79,1,2020/4/10
893,Jilin,98,95,1,2020/4/10
894,Shanxi,168,134,0,2020/4/10
895,Liaoning,144,132,2,2020/4/9
896,Hong Kong,973,293,4,2020/4/9
897,Taiwan,380,67,5,2020/4/9
898,Shanghai,552,422,7,2020/4/9
899,Tianjin,182,152,3,2020/4/9
900,Neimenggu,126,79,1,2020/4/9
901,Gansu,139,135,2,2020/4/9
902,Zhejiang,1267,1235,1,2020/4/9
903,Hubei,67803,64187,3215,2020/4/9
904,Beijing,588,464,8,2020/4/9
905,Guangdong,1539,1423,8,2020/4/9
906,Anhui,991,984,6,2020/4/9
907,Hebei,327,313,6,2020/4/9
908,Heilongjiang,609,470,13,2020/4/9
909,Shandong,783,756,7,2020/4/9
910,Shanxi,166,134,0,2020/4/9
911,Fujian,351,308,1,2020/4/8
912,Jilin,98,93,1,2020/4/8
913,Macau,45,10,0,2020/4/8
914,Hong Kong,960,264,4,2020/4/8
915,Taiwan,379,61,5,2020/4/8
916,Shanghai,543,418,7,2020/4/8
917,Tianjin,180,152,3,2020/4/8
918,Gansu,139,133,2,2020/4/8
919,Shanxi,163,134,0,2020/4/8
920,Guangdong,1536,1411,8,2020/4/8
921,Zhejiang,1266,1232,1,2020/4/8
922,Beijing,588,455,8,2020/4/8
923,Shandong,783,755,7,2020/4/8
924,Heilongjiang,569,470,13,2020/4/8
925,Liaoning,144,131,2,2020/4/8
926,Hubei,67803,64142,3213,2020/4/8
927,Neimenggu,124,74,1,2020/4/8
928,Taiwan,376,57,5,2020/4/7
929,Hong Kong,935,216,4,2020/4/7
930,Shanghai,538,406,6,2020/4/7
931,Neimenggu,121,74,1,2020/4/7
932,Zhejiang,1265,1230,1,2020/4/7
933,Guangdong,1533,1401,8,2020/4/7
934,Hubei,67803,64073,3212,2020/4/7
935,Sichuan,560,541,3,2020/4/7
936,Beijing,587,448,8,2020/4/7
937,Fujian,351,305,1,2020/4/7
938,Shandong,781,755,7,2020/4/7
939,Liaoning,144,130,2,2020/4/7
940,Hebei,327,312,6,2020/4/7
941,Heilongjiang,544,469,13,2020/4/7
942,Tianjin,180,151,3,2020/4/7
943,Yunnan,184,173,2,2020/4/7
944,Hong Kong,914,216,4,2020/4/6
945,Taiwan,373,57,5,2020/4/6
946,Shanghai,536,389,6,2020/4/6
947,Gansu,139,132,2,2020/4/6
948,Hubei,67803,64014,3212,2020/4/6
949,Guangdong,1532,1395,8,2020/4/6
950,Zhejiang,1264,1230,1,2020/4/6
951,Beijing,587,443,8,2020/4/6
952,Fujian,350,305,1,2020/4/6
953,Sichuan,559,540,3,2020/4/6
954,Shaanxi,256,246,3,2020/4/6
955,Neimenggu,118,74,1,2020/4/6
956,Heilongjiang,524,469,13,2020/4/6
957,Shandong,780,755,7,2020/4/6
958,Liaoning,142,128,2,2020/4/6
959,Henan,1276,1252,22,2020/4/6
960,Taiwan,363,50,5,2020/4/5
961,Hong Kong,890,206,4,2020/4/5
962,Shanghai,531,383,6,2020/4/5
963,Macau,44,10,0,2020/4/5
964,Zhejiang,1263,1230,1,2020/4/5
965,Hubei,67803,63945,3210,2020/4/5
966,Fujian,350,303,1,2020/4/5
967,Shandong,779,755,7,2020/4/5
968,Guangdong,1524,1387,8,2020/4/5
969,Jiangsu,651,633,0,2020/4/5
970,Beijing,586,441,8,2020/4/5
971,Sichuan,558,539,3,2020/4/5
972,Liaoning,142,126,2,2020/4/5
973,Heilongjiang,504,469,13,2020/4/5
974,Hebei,327,310,6,2020/4/5
975,Shanxi,138,133,0,2020/4/5
976,Tianjin,180,144,3,2020/4/4
977,Taiwan,355,50,5,2020/4/4
978,Hong Kong,862,173,4,2020/4/4
979,Shanghai,529,356,6,2020/4/4
980,Gansu,138,131,2,2020/4/4
981,Shaanxi,256,245,3,2020/4/4
982,Guangdong,1516,1378,8,2020/4/4
983,Zhejiang,1262,1229,1,2020/4/4
984,Hubei,67803,63762,3207,2020/4/4
985,Fujian,350,301,1,2020/4/4
986,Sichuan,557,538,3,2020/4/4
987,Beijing,585,438,8,2020/4/4
988,Liaoning,141,125,2,2020/4/4
989,Shandong,778,755,7,2020/4/4
990,Heilongjiang,491,469,13,2020/4/4
991,Macau,43,10,0,2020/4/4
992,Hong Kong,845,173,4,2020/4/3
993,Tianjin,180,140,3,2020/4/3
994,Beijing,584,434,8,2020/4/3
995,Taiwan,348,50,5,2020/4/3
996,Shanghai,526,348,6,2020/4/3
997,Guangdong,1514,1368,8,2020/4/3
998,Shaanxi,255,244,3,2020/4/3
999,Sichuan,555,537,3,2020/4/3
1000,Zhejiang,1260,1228,1,2020/4/3
1001,Jiangsu,651,632,0,2020/4/3
1002,Hubei,67802,63612,3203,2020/4/3
1003,Fujian,349,300,1,2020/4/3
1004,Hebei,326,310,6,2020/4/3
1005,Shandong,778,754,7,2020/4/3
1006,Heilongjiang,489,469,13,2020/4/3
1007,Yunnan,184,172,2,2020/4/3
1008,Liaoning,141,124,2,2020/4/2
1009,Taiwan,339,45,5,2020/4/2
1010,Hong Kong,802,147,4,2020/4/2
1011,Hubei,67802,63471,3199,2020/4/2
1012,Beijing,582,424,8,2020/4/2
1013,Fujian,345,299,1,2020/4/2
1014,Hunan,1019,1014,4,2020/4/2
1015,Guangdong,1507,1365,8,2020/4/2
1016,Zhejiang,1258,1228,1,2020/4/2
1017,Jiangsu,647,631,0,2020/4/2
1018,Sichuan,554,537,3,2020/4/2
1019,Shanghai,522,343,6,2020/4/2
1020,Shandong,775,753,7,2020/4/2
1021,Guangxi,254,252,2,2020/4/2
1022,Hebei,325,310,6,2020/4/2
1023,Heilongjiang,488,469,13,2020/4/2
1024,Neimenggu,117,74,1,2020/4/2
1025,Yunnan,183,172,2,2020/4/2
1026,Gansu,138,127,2,2020/4/1
1027,Fujian,345,298,1,2020/4/1
1028,Sichuan,552,537,3,2020/4/1
1029,Hong Kong,765,147,4,2020/4/1
1030,Taiwan,329,39,5,2020/4/1
1031,Tianjin,176,135,3,2020/4/1
1032,Hubei,67802,63326,3193,2020/4/1
1033,Neimenggu,111,74,1,2020/4/1
1034,Guangdong,1501,1357,8,2020/4/1
1035,Shaanxi,255,242,3,2020/4/1
1036,Beijing,580,418,8,2020/4/1
1037,Liaoning,140,124,2,2020/4/1
1038,Hebei,323,310,6,2020/4/1
1039,Shanghai,516,341,6,2020/4/1
1040,Shanxi,137,133,0,2020/4/1
1041,Yunnan,182,172,2,2020/4/1
1042,Tianjin,174,135,3,2020/3/31
1043,Macau,41,10,0,2020/3/31
1044,Guangdong,1494,1356,8,2020/3/31
1045,Hong Kong,714,128,4,2020/3/31
1046,Shanghai,509,341,5,2020/3/31
1047,Taiwan,322,39,5,2020/3/31
1048,Beijing,580,418,8,2020/3/31
1049,Fujian,343,295,1,2020/3/31
1050,Zhejiang,1257,1226,1,2020/3/31
1051,Jiangsu,646,631,0,2020/3/31
1052,Hubei,67801,63153,3187,2020/3/31
1053,Shandong,774,753,7,2020/3/31
1054,Liaoning,139,124,2,2020/3/31
1055,Neimenggu,107,74,1,2020/3/31
1056,Yunnan,181,172,2,2020/3/31
1057,Hubei,67801,62889,3186,2020/3/30
1058,Hong Kong,682,123,4,2020/3/30
1059,Tianjin,174,133,3,2020/3/30
1060,Taiwan,306,39,5,2020/3/30
1061,Beijing,577,415,8,2020/3/30
1062,Shanghai,498,338,5,2020/3/30
1063,Jiangxi,937,935,1,2020/3/30
1064,Guangdong,1484,1351,8,2020/3/30
1065,Macau,38,10,0,2020/3/30
1066,Hebei,321,310,6,2020/3/30
1067,Jiangsu,645,631,0,2020/3/30
1068,Zhejiang,1255,1225,1,2020/3/30
1069,Sichuan,550,536,3,2020/3/30
1070,Fujian,340,295,1,2020/3/30
1071,Shandong,773,753,7,2020/3/30
1072,Neimenggu,97,74,1,2020/3/30
1073,Liaoning,136,124,2,2020/3/30
1074,Gansu,138,125,2,2020/3/29
1075,Hubei,67801,62570,3182,2020/3/29
1076,Beijing,577,412,8,2020/3/29
1077,Hong Kong,641,112,4,2020/3/29
1078,Taiwan,298,30,2,2020/3/29
1079,Tianjin,166,133,3,2020/3/29
1080,Liaoning,134,124,2,2020/3/29
1081,Zhejiang,1254,1225,1,2020/3/29
1082,Shanghai,492,334,5,2020/3/29
1083,Guangdong,1475,1349,8,2020/3/29
1084,Jiangsu,644,631,0,2020/3/29
1085,Jiangxi,937,934,1,2020/3/29
1086,Sichuan,550,536,3,2020/3/29
1087,Henan,1276,1251,22,2020/3/29
1088,Fujian,338,295,1,2020/3/29
1089,Neimenggu,95,74,1,2020/3/29
1090,Jilin,98,92,1,2020/3/29
1091,Shanxi,136,133,0,2020/3/29
1092,Chongqing,579,570,6,2020/3/29
1093,Macau,37,10,0,2020/3/28
1094,Liaoning,132,124,2,2020/3/28
1095,Hong Kong,561,112,4,2020/3/28
1096,Tianjin,161,133,3,2020/3/28
1097,Taiwan,283,30,2,2020/3/28
1098,Beijing,573,410,8,2020/3/28
1099,Gansu,136,125,2,2020/3/28
1100,Neimenggu,94,74,1,2020/3/28
1101,Guangdong,1467,1341,8,2020/3/28
1102,Shanghai,485,334,5,2020/3/28
1103,Zhejiang,1251,1225,1,2020/3/28
1104,Fujian,337,295,1,2020/3/28
1105,Henan,1275,1251,22,2020/3/28
1106,Hubei,67801,62098,3177,2020/3/28
1107,Jilin,97,92,1,2020/3/28
1108,Tianjin,155,133,3,2020/3/27
1109,Hong Kong,519,110,4,2020/3/27
1110,Hubei,67801,61732,3174,2020/3/27
1111,Shandong,772,752,7,2020/3/27
1112,Taiwan,267,29,2,2020/3/27
1113,Beijing,569,408,8,2020/3/27
1114,Shanghai,468,334,5,2020/3/27
1115,Guangdong,1456,1337,8,2020/3/27
1116,Liaoning,128,124,2,2020/3/27
1117,Zhejiang,1247,1222,1,2020/3/27
1118,Sichuan,548,536,3,2020/3/27
1119,Gansu,136,123,2,2020/3/27
1120,Jiangsu,641,631,0,2020/3/27
1121,Neimenggu,92,74,1,2020/3/27
1122,Fujian,331,295,1,2020/3/27
1123,Yunnan,180,172,2,2020/3/27
1124,Macau,33,10,0,2020/3/27
1125,Hong Kong,453,110,4,2020/3/26
1126,Guangdong,1448,1336,8,2020/3/26
1127,Shandong,771,752,7,2020/3/26
1128,Taiwan,252,29,2,2020/3/26
1129,Shanghai,451,331,5,2020/3/26
1130,Beijing,566,406,8,2020/3/26
1131,Liaoning,128,124,2,2020/3/26
1132,Tianjin,151,133,3,2020/3/26
1133,Macau,31,10,0,2020/3/26
1134,Neimenggu,89,74,1,2020/3/26
1135,Zhejiang,1243,1222,1,2020/3/26
1136,Shaanxi,253,242,3,2020/3/26
1137,Henan,1275,1250,22,2020/3/26
1138,Jiangsu,640,631,0,2020/3/26
1139,Hubei,67801,61201,3169,2020/3/26
1140,Fujian,328,295,1,2020/3/26
1141,Heilongjiang,484,469,13,2020/3/26
1142,Gansu,136,121,2,2020/3/26
1143,Jilin,95,92,1,2020/3/26
1144,Yunnan,178,172,2,2020/3/26
1145,Shanxi,135,133,0,2020/3/26
1146,Hubei,67801,60811,3163,2020/3/25
1147,Guangdong,1433,1336,8,2020/3/25
1148,Hong Kong,410,102,4,2020/3/25
1149,Taiwan,235,29,2,2020/3/25
1150,Beijing,561,403,8,2020/3/25
1151,Macau,30,10,0,2020/3/25
1152,Shanghai,433,330,5,2020/3/25
1153,Fujian,322,295,1,2020/3/25
1154,Zhejiang,1241,1221,1,2020/3/25
1155,Shandong,769,752,7,2020/3/25
1156,Sichuan,547,536,3,2020/3/25
1157,Jiangsu,638,631,0,2020/3/25
1158,Shaanxi,250,240,3,2020/3/25
1159,Neimenggu,77,74,1,2020/3/25
1160,Jilin,94,92,1,2020/3/25
1161,Tianjin,145,133,3,2020/3/24
1162,Gansu,136,119,2,2020/3/24
1163,Hubei,67801,60324,3160,2020/3/24
1164,Hong Kong,386,101,4,2020/3/24
1165,Shanghai,414,330,4,2020/3/24
1166,Taiwan,215,29,2,2020/3/24
1167,Beijing,558,401,8,2020/3/24
1168,Hainan,168,162,6,2020/3/24
1169,Zhejiang,1240,1221,1,2020/3/24
1170,Macau,25,10,0,2020/3/24
1171,Jiangsu,636,631,0,2020/3/24
1172,Shaanxi,249,240,3,2020/3/24
1173,Guangdong,1428,1333,8,2020/3/24
1174,Fujian,318,295,1,2020/3/24
1175,Sichuan,545,536,3,2020/3/24
1176,Heilongjiang,484,468,13,2020/3/24
1177,Chongqing,578,570,6,2020/3/24
1178,Shanxi,134,133,0,2020/3/24
1179,Shanghai,404,329,4,2020/3/23
1180,Shandong,768,752,7,2020/3/23
1181,Guangdong,1415,1332,8,2020/3/23
1182,Hong Kong,356,100,4,2020/3/23
1183,Beijing,537,401,8,2020/3/23
1184,Taiwan,195,28,2,2020/3/23
1185,Hubei,67800,59882,3153,2020/3/23
1186,Tianjin,141,133,3,2020/3/23
1187,Macau,24,10,0,2020/3/23
1188,Jiangsu,633,631,0,2020/3/23
1189,Hebei,319,310,6,2020/3/23
1190,Jiangxi,936,934,1,2020/3/23
1191,Henan,1274,1250,22,2020/3/23
1192,Zhejiang,1238,1221,1,2020/3/23
1193,Liaoning,127,124,2,2020/3/23
1194,Fujian,313,295,1,2020/3/23
1195,Heilongjiang,484,465,13,2020/3/23
1196,Gansu,136,114,2,2020/3/22
1197,Macau,20,10,0,2020/3/22
1198,Chongqing,577,570,6,2020/3/22
1199,Hubei,67800,59433,3144,2020/3/22
1200,Hong Kong,317,100,4,2020/3/22
1201,Taiwan,169,28,2,2020/3/22
1202,Shandong,766,750,7,2020/3/22
1203,Beijing,514,400,8,2020/3/22
1204,Guangdong,1407,1329,8,2020/3/22
1205,Shanghai,394,328,4,2020/3/22
1206,Zhejiang,1237,1219,1,2020/3/22
1207,Fujian,307,295,1,2020/3/22
1208,Heilongjiang,484,466,13,2020/3/22
1209,Sichuan,543,536,3,2020/3/22
1210,Hebei,319,310,6,2020/3/22
1211,Jiangsu,633,631,0,2020/3/22
1212,Jiangxi,936,934,1,2020/3/22
1213,Liaoning,126,124,2,2020/3/22
1214,Taiwan,153,28,2,2020/3/21
1215,Beijing,504,396,8,2020/3/21
1216,Guangdong,1400,1325,8,2020/3/21
1217,Shanghai,380,327,3,2020/3/21
1218,Hubei,67800,58946,3139,2020/3/21
1219,Hong Kong,273,98,4,2020/3/21
1220,Zhejiang,1236,1219,1,2020/3/21
1221,Gansu,134,113,2,2020/3/21
1222,Shandong,764,749,7,2020/3/21
1223,Fujian,303,295,1,2020/3/21
1224,Shaanxi,248,239,3,2020/3/21
1225,Sichuan,542,536,3,2020/3/21
1226,Taiwan,135,26,2,2020/3/20
1227,Hong Kong,256,98,4,2020/3/20
1228,Guangdong,1395,1323,8,2020/3/20
1229,Hubei,67800,58382,3133,2020/3/20
1230,Beijing,491,390,8,2020/3/20
1231,Shanghai,371,326,3,2020/3/20
1232,Gansu,134,98,2,2020/3/20
1233,Zhejiang,1234,1219,1,2020/3/20
1234,Heilongjiang,484,463,13,2020/3/20
1235,Shandong,762,748,7,2020/3/20
1236,Shaanxi,247,237,3,2020/3/20
1237,Fujian,299,295,1,2020/3/20
1238,Sichuan,541,536,3,2020/3/20
1239,Guangxi,254,250,2,2020/3/20
1240,Liaoning,126,122,2,2020/3/20
1241,Tianjin,137,133,3,2020/3/20
1242,Gansu,134,91,2,2020/3/19
1243,Sichuan,540,536,3,2020/3/19
1244,Hubei,67800,57682,3130,2020/3/19
1245,Hong Kong,208,95,4,2020/3/19
1246,Zhejiang,1234,1217,1,2020/3/19
1247,Taiwan,108,26,1,2020/3/19
1248,Beijing,480,380,8,2020/3/19
1249,Heilongjiang,483,460,13,2020/3/19
1250,Guangdong,1378,1318,8,2020/3/19
1251,Shandong,761,747,7,2020/3/19
1252,Neimenggu,75,74,1,2020/3/19
1253,Shanghai,363,326,3,2020/3/19
1254,Macau,17,10,0,2020/3/19
1255,Hubei,67800,56927,3122,2020/3/18
1256,Macau,15,10,0,2020/3/18
1257,Hong Kong,181,92,4,2020/3/18
1258,Guangdong,1370,1313,8,2020/3/18
1259,Taiwan,100,22,1,2020/3/18
1260,Shanghai,361,326,3,2020/3/18
1261,Heilongjiang,482,463,13,2020/3/18
1262,Beijing,469,378,8,2020/3/18
1263,Shaanxi,246,237,3,2020/3/18
1264,Sichuan,540,525,3,2020/3/18
1265,Liaoning,125,122,1,2020/3/18
1266,Guizhou,146,144,2,2020/3/18
1267,Guangxi,253,250,2,2020/3/18
1268,Liaoning,125,120,1,2020/3/17
1269,Hubei,67799,56003,3111,2020/3/17
1270,Beijing,456,369,8,2020/3/17
1271,Shaanxi,246,236,3,2020/3/17
1272,Hong Kong,162,88,4,2020/3/17
1273,Taiwan,77,22,1,2020/3/17
1274,Sichuan,540,520,3,2020/3/17
1275,Guizhou,147,144,2,2020/3/17
1276,Macau,12,10,0,2020/3/17
1277,Shanghai,358,325,3,2020/3/17
1278,Zhejiang,1232,1216,1,2020/3/17
1279,Guangdong,1364,1307,8,2020/3/17
1280,Heilongjiang,482,456,13,2020/3/17
1281,Shandong,761,746,7,2020/3/17
1282,Guangxi,253,248,2,2020/3/17
1283,Yunnan,176,172,2,2020/3/17
1284,Hubei,67798,55142,3099,2020/3/16
1285,Liaoning,125,115,1,2020/3/16
1286,Hong Kong,155,84,4,2020/3/16
1287,Taiwan,67,20,1,2020/3/16
1288,Zhejiang,1231,1216,1,2020/3/16
1289,Heilongjiang,482,455,13,2020/3/16
1290,Guangxi,252,248,2,2020/3/16
1291,Hainan,168,161,6,2020/3/16
1292,Neimenggu,75,73,1,2020/3/16
1293,Shanghai,355,325,3,2020/3/16
1294,Ningxia,75,75,0,2020/3/16
1295,Beijing,452,360,8,2020/3/16
1296,Shaanxi,245,233,2,2020/3/16
1297,Shandong,760,746,7,2020/3/16
1298,Guizhou,146,144,2,2020/3/16
1299,Guangdong,1361,1306,8,2020/3/16
1300,Macau,11,10,0,2020/3/16
1301,Yunnan,175,172,2,2020/3/16
1302,Gansu,133,91,2,2020/3/15
1303,Guangdong,1360,1304,8,2020/3/15
1304,Hubei,67794,54288,3085,2020/3/15
1305,Sichuan,539,516,3,2020/3/15
1306,Hong Kong,145,81,4,2020/3/15
1307,Tianjin,136,133,3,2020/3/15
1308,Taiwan,59,20,1,2020/3/15
1309,Liaoning,125,114,1,2020/3/15
1310,Chongqing,576,570,6,2020/3/15
1311,Jiangsu,631,631,0,2020/3/15
1312,Zhejiang,1231,1211,1,2020/3/15
1313,Beijing,442,353,8,2020/3/15
1314,Heilongjiang,482,453,13,2020/3/15
1315,Shanghai,353,324,3,2020/3/15
1316,Yunnan,174,172,2,2020/3/15
1317,Hong Kong,140,78,4,2020/3/14
1318,Hubei,67790,52960,3075,2020/3/14
1319,Ningxia,75,73,0,2020/3/14
1320,Henan,1273,1250,22,2020/3/14
1321,Hunan,1018,1014,4,2020/3/14
1322,Taiwan,53,20,1,2020/3/14
1323,Shanghai,352,324,3,2020/3/14
1324,Sichuan,539,511,3,2020/3/14
1325,Shandong,760,741,7,2020/3/14
1326,Gansu,129,89,2,2020/3/14
1327,Beijing,437,349,8,2020/3/14
1328,Zhejiang,1227,1211,1,2020/3/14
1329,Guangdong,1356,1299,8,2020/3/14
1330,Guizhou,146,143,2,2020/3/14
1331,Liaoning,125,113,1,2020/3/14
1332,Heilongjiang,482,447,13,2020/3/14
1333,Chongqing,576,566,6,2020/3/14
1334,Hong Kong,134,77,4,2020/3/13
1335,Guangdong,1356,1296,8,2020/3/13
1336,Sichuan,539,503,3,2020/3/13
1337,Shanghai,346,324,3,2020/3/13
1338,Taiwan,50,20,1,2020/3/13
1339,Shanxi,133,133,0,2020/3/13
1340,Hunan,1018,1005,4,2020/3/13
1341,Shandong,760,739,7,2020/3/13
1342,Hubei,67786,51553,3062,2020/3/13
1343,Beijing,436,342,8,2020/3/13
1344,Guizhou,146,140,2,2020/3/13
1345,Jiangsu,631,630,0,2020/3/13
1346,Heilongjiang,482,446,13,2020/3/13
1347,Guangxi,252,243,2,2020/3/13
1348,Hebei,318,310,6,2020/3/13
1349,Chongqing,576,564,6,2020/3/13
1350,Heilongjiang,482,441,13,2020/3/12
1351,Jilin,93,92,1,2020/3/12
1352,Sichuan,539,498,3,2020/3/12
1353,Hubei,67781,50318,3056,2020/3/12
1354,Hunan,1018,999,4,2020/3/12
1355,Liaoning,125,112,1,2020/3/12
1356,Shanxi,133,132,0,2020/3/12
1357,Tianjin,136,132,3,2020/3/12
1358,Taiwan,49,20,1,2020/3/12
1359,Shandong,760,734,6,2020/3/12
1360,Shanghai,344,321,3,2020/3/12
1361,Hebei,318,308,6,2020/3/12
1362,Henan,1273,1249,22,2020/3/12
1363,Jiangsu,631,629,0,2020/3/12
1364,Guangdong,1356,1289,8,2020/3/12
1365,Hainan,168,160,6,2020/3/12
1366,Jiangxi,935,934,1,2020/3/12
1367,Hong Kong,129,67,3,2020/3/12
1368,Shaanxi,245,232,2,2020/3/12
1369,Zhejiang,1215,1197,1,2020/3/12
1370,Beijing,435,334,8,2020/3/12
1371,Guizhou,146,137,2,2020/3/12
1372,Guangxi,252,241,2,2020/3/12
1373,Chongqing,576,554,6,2020/3/12
1374,Sichuan,539,488,3,2020/3/11
1375,Gansu,127,88,2,2020/3/11
1376,Heilongjiang,482,436,13,2020/3/11
1377,Shandong,760,726,6,2020/3/11
1378,Guangxi,252,238,2,2020/3/11
1379,Hubei,67773,49134,3046,2020/3/11
1380,Guangdong,1356,1282,8,2020/3/11
1381,Hong Kong,126,65,3,2020/3/11
1382,Zhejiang,1215,1195,1,2020/3/11
1383,Shaanxi,245,232,1,2020/3/11
1384,Ningxia,75,72,0,2020/3/11
1385,Henan,1273,1249,22,2020/3/11
1386,Chongqing,576,549,6,2020/3/11
1387,Neimenggu,75,71,1,2020/3/11
1388,Taiwan,48,17,1,2020/3/11
1389,Shanghai,344,320,3,2020/3/11
1390,Guizhou,146,133,2,2020/3/11
1391,Jiangxi,935,932,1,2020/3/11
1392,Beijing,435,326,8,2020/3/11
1393,Hunan,1018,995,4,2020/3/11
1394,Shanxi,133,131,0,2020/3/11
1395,Hubei,67760,47743,3024,2020/3/10
1396,Gansu,125,88,2,2020/3/10
1397,Hong Kong,118,60,3,2020/3/10
1398,Zhejiang,1215,1191,1,2020/3/10
1399,Sichuan,539,478,3,2020/3/10
1400,Tianjin,136,131,3,2020/3/10
1401,Guangdong,1353,1274,8,2020/3/10
1402,Hunan,1018,990,4,2020/3/10
1403,Shaanxi,245,228,1,2020/3/10
1404,Jiangsu,631,627,0,2020/3/10
1405,Shandong,758,719,6,2020/3/10
1406,Taiwan,47,17,1,2020/3/10
1407,Shanghai,344,319,3,2020/3/10
1408,Shanxi,133,128,0,2020/3/10
1409,Liaoning,125,111,1,2020/3/10
1410,Jiangxi,935,927,1,2020/3/10
1411,Guizhou,146,129,2,2020/3/10
1412,Beijing,429,320,8,2020/3/10
1413,Guangxi,252,234,2,2020/3/10
1414,Heilongjiang,481,434,13,2020/3/10
1415,Chongqing,576,542,6,2020/3/10
1416,Jilin,93,91,1,2020/3/9
1417,Hubei,67743,46488,3008,2020/3/9
1418,Heilongjiang,481,430,13,2020/3/9
1419,Chongqing,576,535,6,2020/3/9
1420,Gansu,124,88,2,2020/3/9
1421,Shanxi,133,127,0,2020/3/9
1422,Shandong,758,700,6,2020/3/9
1423,Tianjin,136,130,3,2020/3/9
1424,Hong Kong,115,59,3,2020/3/9
1425,Guangdong,1352,1260,8,2020/3/9
1426,Zhejiang,1215,1176,1,2020/3/9
1427,Sichuan,539,466,3,2020/3/9
1428,Jiangsu,631,621,0,2020/3/9
1429,Beijing,428,315,8,2020/3/9
1430,Hunan,1018,979,4,2020/3/9
1431,Taiwan,45,15,1,2020/3/9
1432,Shanghai,342,315,3,2020/3/9
1433,Guizhou,146,123,2,2020/3/9
1434,Guangxi,252,230,2,2020/3/9
1435,Jiangxi,935,923,1,2020/3/9
1436,Shaanxi,245,227,1,2020/3/8
1437,Hubei,67707,45235,2986,2020/3/8
1438,Guangdong,1352,1256,7,2020/3/8
1439,Heilongjiang,481,412,13,2020/3/8
1440,Hong Kong,114,58,3,2020/3/8
1441,Gansu,124,87,2,2020/3/8
1442,Sichuan,539,464,3,2020/3/8
1443,Hunan,1018,968,4,2020/3/8
1444,Shandong,758,642,6,2020/3/8
1445,Jiangsu,631,612,0,2020/3/8
1446,Zhejiang,1215,1161,1,2020/3/8
1447,Jiangxi,935,919,1,2020/3/8
1448,Xinjiang,76,73,3,2020/3/8
1449,Liaoning,125,109,1,2020/3/8
1450,Neimenggu,75,70,1,2020/3/8
1451,Henan,1272,1247,22,2020/3/8
1452,Anhui,990,984,6,2020/3/8
1453,Shanghai,342,314,3,2020/3/8
1454,Hainan,168,159,6,2020/3/8
1455,Taiwan,45,13,1,2020/3/8
1456,Beijing,428,308,8,2020/3/8
1457,Guizhou,146,117,2,2020/3/8
1458,Guangxi,252,223,2,2020/3/8
1459,Chongqing,576,526,6,2020/3/8
1460,Guangxi,252,218,2,2020/3/7
1461,Gansu,120,87,2,2020/3/7
1462,Jiangsu,631,606,0,2020/3/7
1463,Liaoning,125,107,1,2020/3/7
1464,Shandong,758,627,6,2020/3/7
1465,Sichuan,539,454,3,2020/3/7
1466,Chongqing,576,521,6,2020/3/7
1467,Hebei,318,307,6,2020/3/7
1468,Fujian,296,295,1,2020/3/7
1469,Henan,1272,1244,22,2020/3/7
1470,Hubei,67666,43500,2959,2020/3/7
1471,Guangdong,1352,1237,7,2020/3/7
1472,Hong Kong,108,51,2,2020/3/7
1473,Heilongjiang,481,403,13,2020/3/7
1474,Zhejiang,1215,1154,1,2020/3/7
1475,Hunan,1018,960,4,2020/3/7
1476,Xinjiang,76,72,3,2020/3/7
1477,Shanghai,342,313,3,2020/3/7
1478,Neimenggu,75,67,1,2020/3/7
1479,Jiangxi,935,916,1,2020/3/7
1480,Beijing,426,303,8,2020/3/7
1481,Guizhou,146,115,2,2020/3/7
1482,Hubei,67592,42033,2931,2020/3/6
1483,Heilongjiang,481,396,13,2020/3/6
1484,Gansu,119,87,2,2020/3/6
1485,Jiangxi,935,909,1,2020/3/6
1486,Guangdong,1352,1216,7,2020/3/6
1487,Beijing,422,299,8,2020/3/6
1488,Sichuan,539,442,3,2020/3/6
1489,Taiwan,45,12,1,2020/3/6
1490,Fujian,296,284,1,2020/3/6
1491,Ningxia,75,71,0,2020/3/6
1492,Hong Kong,106,46,2,2020/3/6
1493,Shandong,758,618,6,2020/3/6
1494,Hunan,1018,955,4,2020/3/6
1495,Chongqing,576,513,6,2020/3/6
1496,Zhejiang,1215,1147,1,2020/3/6
1497,Jiangsu,631,594,0,2020/3/6
1498,Shaanxi,245,226,1,2020/3/6
1499,Henan,1272,1243,22,2020/3/6
1500,Jilin,93,90,1,2020/3/6
1501,Macau,10,10,0,2020/3/6
1502,Shanghai,342,306,3,2020/3/6
1503,Xinjiang,76,71,3,2020/3/6
1504,Hebei,318,305,6,2020/3/6
1505,Anhui,990,979,6,2020/3/6
1506,Yunnan,174,170,2,2020/3/6
1507,Guangxi,252,217,2,2020/3/6
1508,Neimenggu,75,65,1,2020/3/6
1509,Gansu,102,87,2,2020/3/5
1510,Hubei,67466,40592,2902,2020/3/5
1511,Shandong,758,578,6,2020/3/5
1512,Guangdong,1351,1188,7,2020/3/5
1513,Sichuan,539,425,3,2020/3/5
1514,Jiangsu,631,583,0,2020/3/5
1515,Taiwan,44,12,1,2020/3/5
1516,Hebei,318,304,6,2020/3/5
1517,Shanxi,133,126,0,2020/3/5
1518,Henan,1272,1244,22,2020/3/5
1519,Jilin,93,88,1,2020/3/5
1520,Zhejiang,1215,1124,1,2020/3/5
1521,Guangxi,252,214,2,2020/3/5
1522,Fujian,296,277,1,2020/3/5
1523,Hunan,1018,938,4,2020/3/5
1524,Neimenggu,75,64,1,2020/3/5
1525,Shanghai,339,303,3,2020/3/5
1526,Shaanxi,245,224,1,2020/3/5
1527,Hainan,168,158,6,2020/3/5
1528,Xinjiang,76,70,3,2020/3/5
1529,Anhui,990,970,6,2020/3/5
1530,Tianjin,136,128,3,2020/3/5
1531,Jiangxi,935,901,1,2020/3/5
1532,Heilongjiang,481,379,13,2020/3/5
1533,Hong Kong,105,43,2,2020/3/5
1534,Chongqing,576,502,6,2020/3/5
1535,Beijing,418,297,8,2020/3/5
1536,Hunan,1018,916,4,2020/3/4
1537,Shaanxi,245,223,1,2020/3/4
1538,Neimenggu,75,63,1,2020/3/4
1539,Xinjiang,76,69,3,2020/3/4
1540,Gansu,91,87,2,2020/3/4
1541,Hubei,67332,38557,2871,2020/3/4
1542,Shandong,758,516,6,2020/3/4
1543,Sichuan,538,406,3,2020/3/4
1544,Heilongjiang,480,373,13,2020/3/4
1545,Jiangsu,631,577,0,2020/3/4
1546,Fujian,296,270,1,2020/3/4
1547,Guangdong,1350,1133,7,2020/3/4
1548,Zhejiang,1213,1114,1,2020/3/4
1549,Anhui,990,956,6,2020/3/4
1550,Hebei,318,301,6,2020/3/4
1551,Jilin,93,86,1,2020/3/4
1552,Hainan,168,158,5,2020/3/4
1553,Hong Kong,102,37,2,2020/3/4
1554,Shanghai,338,298,3,2020/3/4
1555,Beijing,417,294,8,2020/3/4
1556,Jiangxi,935,884,1,2020/3/4
1557,Ningxia,75,69,0,2020/3/4
1558,Henan,1272,1234,22,2020/3/4
1559,Guangxi,252,210,2,2020/3/4
1560,Chongqing,576,490,6,2020/3/4
1561,Shanxi,133,124,0,2020/3/4
1562,Guangdong,1350,1101,7,2020/3/3
1563,Henan,1272,1231,22,2020/3/3
1564,Tianjin,136,124,3,2020/3/3
1565,Anhui,990,936,6,2020/3/3
1566,Liaoning,125,106,1,2020/3/3
1567,Fujian,296,260,1,2020/3/3
1568,Gansu,91,86,2,2020/3/3
1569,Hunan,1018,906,4,2020/3/3
1570,Heilongjiang,480,366,13,2020/3/3
1571,Zhejiang,1213,1093,1,2020/3/3
1572,Macau,10,9,0,2020/3/3
1573,Hong Kong,100,37,2,2020/3/3
1574,Hubei,67217,36208,2835,2020/3/3
1575,Hainan,168,152,5,2020/3/3
1576,Jiangsu,631,562,0,2020/3/3
1577,Sichuan,538,394,3,2020/3/3
1578,Shanxi,133,120,0,2020/3/3
1579,Hebei,318,300,6,2020/3/3
1580,Neimenggu,75,59,1,2020/3/3
1581,Shandong,758,511,6,2020/3/3
1582,Xinjiang,76,68,3,2020/3/3
1583,Taiwan,42,12,1,2020/3/3
1584,Shanghai,338,294,3,2020/3/3
1585,Yunnan,174,169,2,2020/3/3
1586,Beijing,414,288,8,2020/3/3
1587,Jiangxi,935,870,1,2020/3/3
1588,Guangxi,252,202,2,2020/3/3
1589,Chongqing,576,469,6,2020/3/3
1590,Xinjiang,76,66,3,2020/3/2
1591,Hubei,67103,33934,2803,2020/3/2
1592,Guangdong,1350,1059,7,2020/3/2
1593,Sichuan,538,386,3,2020/3/2
1594,Anhui,990,917,6,2020/3/2
1595,Jilin,93,83,1,2020/3/2
1596,Gansu,91,85,2,2020/3/2
1597,Heilongjiang,480,356,13,2020/3/2
1598,Jiangsu,631,543,0,2020/3/2
1599,Guangxi,252,192,2,2020/3/2
1600,Fujian,296,255,1,2020/3/2
1601,Shanxi,133,117,0,2020/3/2
1602,Zhejiang,1206,1069,1,2020/3/2
1603,Hunan,1018,887,4,2020/3/2
1604,Henan,1272,1205,22,2020/3/2
1605,Neimenggu,75,54,0,2020/3/2
1606,Hebei,318,296,6,2020/3/2
1607,Shanghai,337,292,3,2020/3/2
1608,Shaanxi,245,216,1,2020/3/2
1609,Beijing,414,282,8,2020/3/2
1610,Shandong,758,460,6,2020/3/2
1611,Taiwan,41,12,1,2020/3/2
1612,Yunnan,174,168,2,2020/3/2
1613,Liaoning,122,103,1,2020/3/2
1614,Ningxia,74,69,0,2020/3/2
1615,Jiangxi,935,850,1,2020/3/2
1616,Hong Kong,98,36,2,2020/3/2
1617,Guizhou,146,114,2,2020/3/2
1618,Chongqing,576,450,6,2020/3/2
1619,Hong Kong,96,36,2,2020/3/1
1620,Gansu,91,84,2,2020/3/1
1621,Guangdong,1349,1016,7,2020/3/1
1622,Henan,1272,1198,22,2020/3/1
1623,Hebei,318,294,6,2020/3/1
1624,Tianjin,136,111,3,2020/3/1
1625,Liaoning,122,103,1,2020/3/1
1626,Sichuan,538,365,3,2020/3/1
1627,Shandong,758,443,6,2020/3/1
1628,Heilongjiang,480,342,13,2020/3/1
1629,Zhejiang,1205,1046,1,2020/3/1
1630,Hainan,168,149,5,2020/3/1
1631,Hubei,66907,31536,2761,2020/3/1
1632,Hunan,1018,866,4,2020/3/1
1633,Anhui,990,873,6,2020/3/1
1634,Jiangsu,631,536,0,2020/3/1
1635,Neimenggu,75,52,0,2020/3/1
1636,Xinjiang,76,64,3,2020/3/1
1637,Guangxi,252,181,2,2020/3/1
1638,Fujian,296,247,1,2020/3/1
1639,Shaanxi,245,208,1,2020/3/1
1640,Jilin,93,78,1,2020/3/1
1641,Chongqing,576,442,6,2020/3/1
1642,Taiwan,40,9,1,2020/3/1
1643,Shanghai,337,290,3,2020/3/1
1644,Yunnan,174,163,2,2020/3/1
1645,Shanxi,133,115,0,2020/3/1
1646,Beijing,413,276,8,2020/3/1
1647,Jiangxi,935,831,1,2020/3/1
1648,Guangdong,1349,983,7,2020/2/29
1649,Shandong,756,421,6,2020/2/29
1650,Hunan,1018,846,4,2020/2/29
1651,Fujian,296,243,1,2020/2/29
1652,Hebei,318,282,6,2020/2/29
1653,Liaoning,121,96,1,2020/2/29
1654,Henan,1272,1170,21,2020/2/29
1655,Hubei,66337,28993,2727,2020/2/29
1656,Sichuan,538,351,3,2020/2/29
1657,Heilongjiang,480,301,13,2020/2/29
1658,Guangxi,252,176,2,2020/2/29
1659,Tianjin,136,109,3,2020/2/29
1660,Xinjiang,76,62,3,2020/2/29
1661,Hainan,168,147,5,2020/2/29
1662,Zhejiang,1205,1016,1,2020/2/29
1663,Jilin,93,75,1,2020/2/29
1664,Shaanxi,245,207,1,2020/2/29
1665,Neimenggu,75,49,0,2020/2/29
1666,Jiangsu,631,523,0,2020/2/29
1667,Taiwan,39,9,1,2020/2/29
1668,Shanghai,337,287,3,2020/2/29
1669,Ningxia,73,69,0,2020/2/29
1670,Chongqing,576,422,6,2020/2/29
1671,Beijing,411,271,8,2020/2/29
1672,Jiangxi,935,811,1,2020/2/29
1673,Anhui,990,868,6,2020/2/29
1674,Shanxi,133,113,0,2020/2/29
1675,Yunnan,174,157,2,2020/2/29
1676,Hong Kong,94,30,2,2020/2/28
1677,Zhejiang,1205,975,1,2020/2/28
1678,Shandong,756,405,6,2020/2/28
1679,Sichuan,538,338,3,2020/2/28
1680,Henan,1272,1112,20,2020/2/28
1681,Hunan,1017,830,4,2020/2/28
1682,Guangxi,252,168,2,2020/2/28
1683,Fujian,296,235,1,2020/2/28
1684,Shaanxi,245,199,1,2020/2/28
1685,Hebei,318,277,6,2020/2/28
1686,Hainan,168,133,5,2020/2/28
1687,Guangdong,1348,935,7,2020/2/28
1688,Jiangsu,631,515,0,2020/2/28
1689,Jilin,93,73,1,2020/2/28
1690,Xinjiang,76,52,3,2020/2/28
1691,Neimenggu,75,45,0,2020/2/28
1692,Taiwan,34,6,1,2020/2/28
1693,Shanxi,133,109,0,2020/2/28
1694,Yunnan,174,156,2,2020/2/28
1695,Shanghai,337,279,3,2020/2/28
1696,Chongqing,576,402,6,2020/2/28
1697,Heilongjiang,480,283,13,2020/2/28
1698,Anhui,990,821,6,2020/2/28
1699,Gansu,91,82,2,2020/2/28
1700,Beijing,410,257,7,2020/2/28
1701,Jiangxi,935,790,1,2020/2/28
1702,Hubei,65914,26403,2682,2020/2/28
1703,Tianjin,136,102,3,2020/2/28
1704,Henan,1272,1068,20,2020/2/27
1705,Neimenggu,75,42,0,2020/2/27
1706,Shandong,756,387,6,2020/2/27
1707,Anhui,989,792,6,2020/2/27
1708,Jiangsu,631,498,0,2020/2/27
1709,Tianjin,135,102,3,2020/2/27
1710,Liaoning,121,93,1,2020/2/27
1711,Shanxi,133,106,0,2020/2/27
1712,Jilin,93,67,1,2020/2/27
1713,Xinjiang,76,43,2,2020/2/27
1714,Macau,10,8,0,2020/2/27
1715,Zhejiang,1205,932,1,2020/2/27
1716,Sichuan,534,321,3,2020/2/27
1717,Hunan,1017,804,4,2020/2/27
1718,Heilongjiang,480,270,13,2020/2/27
1719,Shaanxi,245,195,1,2020/2/27
1720,Hebei,317,274,6,2020/2/27
1721,Hubei,65596,23383,2641,2020/2/27
1722,Guangxi,252,161,2,2020/2/27
1723,Fujian,296,228,1,2020/2/27
1724,Hainan,168,131,5,2020/2/27
1725,Yunnan,174,150,2,2020/2/27
1726,Ningxia,72,68,0,2020/2/27
1727,Guangdong,1347,890,7,2020/2/27
1728,Hong Kong,92,24,2,2020/2/27
1729,Shanghai,337,276,3,2020/2/27
1730,Beijing,410,248,5,2020/2/27
1731,Jiangxi,934,754,1,2020/2/27
1732,Guizhou,146,112,2,2020/2/27
1733,Chongqing,576,384,6,2020/2/27
1734,Neimenggu,75,38,0,2020/2/26
1735,Xinjiang,76,34,2,2020/2/26
1736,Guangxi,252,147,2,2020/2/26
1737,Shaanxi,245,192,1,2020/2/26
1738,Shanxi,133,104,0,2020/2/26
1739,Jilin,93,65,1,2020/2/26
1740,Gansu,91,81,2,2020/2/26
1741,Hubei,65187,20969,2615,2020/2/26
1742,Hong Kong,89,24,2,2020/2/26
1743,Shandong,756,377,6,2020/2/26
1744,Hainan,168,129,5,2020/2/26
1745,Tianjin,135,96,3,2020/2/26
1746,Taiwan,32,5,1,2020/2/26
1747,Henan,1271,1033,19,2020/2/26
1748,Guangdong,1347,851,7,2020/2/26
1749,Zhejiang,1205,867,1,2020/2/26
1750,Heilongjiang,480,249,12,2020/2/26
1751,Fujian,294,218,1,2020/2/26
1752,Hebei,312,261,6,2020/2/26
1753,Anhui,989,744,6,2020/2/26
1754,Hunan,1016,783,4,2020/2/26
1755,Sichuan,531,307,3,2020/2/26
1756,Jiangsu,631,478,0,2020/2/26
1757,Chongqing,576,373,6,2020/2/26
1758,Yunnan,174,144,2,2020/2/26
1759,Shanghai,336,272,3,2020/2/26
1760,Ningxia,71,65,0,2020/2/26
1761,Jiangxi,934,719,1,2020/2/26
1762,Beijing,400,235,4,2020/2/26
1763,Liaoning,121,88,1,2020/2/26
1764,Hubei,64786,18971,2563,2020/2/25
1765,Heilongjiang,480,243,12,2020/2/25
1766,Shaanxi,245,186,1,2020/2/25
1767,Tianjin,135,91,3,2020/2/25
1768,Jilin,93,63,1,2020/2/25
1769,Macau,10,7,0,2020/2/25
1770,Jiangxi,934,683,1,2020/2/25
1771,Hunan,1016,768,4,2020/2/25
1772,Sichuan,529,289,3,2020/2/25
1773,Shandong,756,355,6,2020/2/25
1774,Hainan,168,124,5,2020/2/25
1775,Hebei,311,248,6,2020/2/25
1776,Henan,1271,1002,19,2020/2/25
1777,Guangxi,252,134,2,2020/2/25
1778,Fujian,294,199,1,2020/2/25
1779,Hong Kong,84,19,2,2020/2/25
1780,Zhejiang,1205,808,1,2020/2/25
1781,Guangdong,1347,822,7,2020/2/25
1782,Guizhou,146,104,2,2020/2/25
1783,Taiwan,31,5,1,2020/2/25
1784,Anhui,989,712,6,2020/2/25
1785,Shanghai,336,268,3,2020/2/25
1786,Yunnan,174,129,2,2020/2/25
1787,Shanxi,133,96,0,2020/2/25
1788,Ningxia,71,61,0,2020/2/25
1789,Beijing,400,215,4,2020/2/25
1790,Jiangsu,631,458,0,2020/2/25
1791,Liaoning,121,83,1,2020/2/25
1792,Chongqing,576,349,6,2020/2/25
1793,Gansu,91,80,2,2020/2/24
1794,Tianjin,135,87,3,2020/2/24
1795,Xinjiang,76,30,2,2020/2/24
1796,Shanxi,132,91,0,2020/2/24
1797,Neimenggu,75,34,0,2020/2/24
1798,Heilongjiang,480,227,12,2020/2/24
1799,Jiangsu,631,452,0,2020/2/24
1800,Shaanxi,245,173,1,2020/2/24
1801,Hainan,168,116,5,2020/2/24
1802,Hunan,1016,731,4,2020/2/24
1803,Sichuan,527,276,3,2020/2/24
1804,Hebei,311,234,6,2020/2/24
1805,Henan,1271,943,19,2020/2/24
1806,Hong Kong,79,19,2,2020/2/24
1807,Hubei,64287,16748,2495,2020/2/24
1808,Shandong,755,343,5,2020/2/24
1809,Guangdong,1345,786,6,2020/2/24
1810,Fujian,293,183,1,2020/2/24
1811,Taiwan,30,5,1,2020/2/24
1812,Zhejiang,1205,782,1,2020/2/24
1813,Anhui,989,663,6,2020/2/24
1814,Yunnan,174,128,2,2020/2/24
1815,Jilin,93,60,1,2020/2/24
1816,Shanghai,335,261,3,2020/2/24
1817,Guangxi,251,112,2,2020/2/24
1818,Liaoning,121,80,1,2020/2/24
1819,Ningxia,71,58,0,2020/2/24
1820,Jiangxi,934,645,1,2020/2/24
1821,Beijing,399,198,4,2020/2/24
1822,Chongqing,575,335,6,2020/2/24
1823,Xinjiang,76,28,2,2020/2/23
1824,Heilongjiang,480,222,12,2020/2/23
1825,Liaoning,121,73,1,2020/2/23
1826,Gansu,91,78,2,2020/2/23
1827,Tianjin,135,81,3,2020/2/23
1828,Guizhou,146,102,2,2020/2/23
1829,Jilin,91,54,1,2020/2/23
1830,Hubei,64084,15343,2346,2020/2/23
1831,Zhejiang,1205,760,1,2020/2/23
1832,Shaanxi,245,163,1,2020/2/23
1833,Shandong,754,321,4,2020/2/23
1834,Hebei,311,219,6,2020/2/23
1835,Shanxi,132,89,0,2020/2/23
1836,Guangdong,1342,755,6,2020/2/23
1837,Henan,1271,868,19,2020/2/23
1838,Anhui,989,637,6,2020/2/23
1839,Jiangxi,934,613,1,2020/2/23
1840,Hunan,1016,714,4,2020/2/23
1841,Sichuan,526,261,3,2020/2/23
1842,Chongqing,573,328,6,2020/2/23
1843,Jiangsu,631,418,0,2020/2/23
1844,Beijing,399,189,4,2020/2/23
1845,Guangxi,249,106,2,2020/2/23
1846,Fujian,293,170,1,2020/2/23
1847,Shanghai,335,249,3,2020/2/23
1848,Hong Kong,74,11,2,2020/2/23
1849,Hainan,168,106,4,2020/2/23
1850,Yunnan,174,115,2,2020/2/23
1851,Neimenggu,75,27,0,2020/2/23
1852,Taiwan,28,2,1,2020/2/23
1853,Ningxia,71,56,0,2020/2/23
1854,Macau,10,6,0,2020/2/23
1855,Qinghai,18,18,0,2020/2/23
1856,Xizang,1,1,0,2020/2/23
1857,Henan,1270,830,19,2020/2/22
1858,Fujian,293,162,1,2020/2/22
1859,Neimenggu,75,23,0,2020/2/22
1860,Hong Kong,69,6,2,2020/2/22
1861,Hubei,63454,13690,2250,2020/2/22
1862,Sichuan,526,250,3,2020/2/22
1863,Hebei,309,203,6,2020/2/22
1864,Tianjin,135,65,3,2020/2/22
1865,Jilin,91,52,1,2020/2/22
1866,Zhejiang,1205,719,1,2020/2/22
1867,Heilongjiang,479,204,12,2020/2/22
1868,Xinjiang,76,25,2,2020/2/22
1869,Guangdong,1339,728,5,2020/2/22
1870,Hunan,1013,692,4,2020/2/22
1871,Hainan,168,104,4,2020/2/22
1872,Shaanxi,245,149,1,2020/2/22
1873,Shandong,750,302,4,2020/2/22
1874,Shanxi,132,79,0,2020/2/22
1875,Anhui,989,597,6,2020/2/22
1876,Jiangsu,631,401,0,2020/2/22
1877,Shanghai,335,227,3,2020/2/22
1878,Jiangxi,934,555,1,2020/2/22
1879,Guangxi,249,104,2,2020/2/22
1880,Yunnan,174,107,2,2020/2/22
1881,Liaoning,121,66,1,2020/2/22
1882,Beijing,399,178,4,2020/2/22
1883,Guizhou,146,90,2,2020/2/22
1884,Chongqing,572,316,6,2020/2/22
1885,Hunan,1011,661,4,2020/2/21
1886,Gansu,91,76,2,2020/2/21
1887,Xinjiang,76,24,1,2020/2/21
1888,Henan,1267,736,19,2020/2/21
1889,Hubei,62662,11881,2144,2020/2/21
1890,Sichuan,525,231,3,2020/2/21
1891,Hebei,308,184,5,2020/2/21
1892,Guizhou,146,77,2,2020/2/21
1893,Tianjin,132,62,3,2020/2/21
1894,Heilongjiang,479,175,12,2020/2/21
1895,Jiangsu,631,373,0,2020/2/21
1896,Guangxi,246,97,2,2020/2/21
1897,Fujian,293,149,1,2020/2/21
1898,Shaanxi,245,134,1,2020/2/21
1899,Zhejiang,1203,679,1,2020/2/21
1900,Shandong,749,281,4,2020/2/21
1901,Guangdong,1333,690,5,2020/2/21
1902,Anhui,988,539,6,2020/2/21
1903,Hainan,168,95,4,2020/2/21
1904,Jilin,91,45,1,2020/2/21
1905,Neimenggu,75,17,0,2020/2/21
1906,Taiwan,26,2,1,2020/2/21
1907,Ningxia,71,48,0,2020/2/21
1908,Yunnan,174,96,2,2020/2/21
1909,Shanghai,334,211,2,2020/2/21
1910,Qinghai,18,18,0,2020/2/21
1911,Hong Kong,68,5,2,2020/2/21
1912,Liaoning,121,61,1,2020/2/21
1913,Jiangxi,934,489,1,2020/2/21
1914,Beijing,396,169,4,2020/2/21
1915,Chongqing,567,299,6,2020/2/21
1916,Shanxi,132,76,0,2020/2/21
1917,Hubei,62031,10521,2029,2020/2/20
1918,Gansu,91,71,2,2020/2/20
1919,Henan,1265,637,19,2020/2/20
1920,Xinjiang,76,22,1,2020/2/20
1921,Tianjin,131,59,3,2020/2/20
1922,Jiangsu,631,356,0,2020/2/20
1923,Neimenggu,75,16,0,2020/2/20
1924,Fujian,293,126,1,2020/2/20
1925,Guangdong,1332,642,5,2020/2/20
1926,Zhejiang,1175,633,1,2020/2/20
1927,Hunan,1010,634,4,2020/2/20
1928,Shandong,546,254,4,2020/2/20
1929,Hebei,307,169,5,2020/2/20
1930,Hainan,168,86,4,2020/2/20
1931,Anhui,987,474,6,2020/2/20
1932,Sichuan,520,217,3,2020/2/20
1933,Shaanxi,245,118,1,2020/2/20
1934,Hong Kong,67,6,2,2020/2/20
1935,Heilongjiang,476,136,12,2020/2/20
1936,Guangxi,245,90,2,2020/2/20
1937,Guizhou,146,72,2,2020/2/20
1938,Jilin,91,43,1,2020/2/20
1939,Shanxi,131,73,0,2020/2/20
1940,Liaoning,121,59,1,2020/2/20
1941,Shanghai,334,199,2,2020/2/20
1942,Yunnan,173,79,1,2020/2/20
1943,Jiangxi,934,433,1,2020/2/20
1944,Ningxia,71,44,0,2020/2/20
1945,Taiwan,24,2,1,2020/2/20
1946,Macau,10,6,0,2020/2/20
1947,Beijing,395,153,4,2020/2/20
1948,Chongqing,560,274,5,2020/2/20
1949,Anhui,986,413,6,2020/2/19
1950,Hubei,61682,9336,1921,2020/2/19
1951,Sichuan,514,188,3,2020/2/19
1952,Gansu,91,65,2,2020/2/19
1953,Hebei,306,152,4,2020/2/19
1954,Shanxi,131,63,0,2020/2/19
1955,Tianjin,130,54,3,2020/2/19
1956,Henan,1262,573,19,2020/2/19
1957,Jiangsu,631,318,0,2020/2/19
1958,Hong Kong,63,5,2,2020/2/19
1959,Shandong,544,231,3,2020/2/19
1960,Fujian,293,112,0,2020/2/19
1961,Zhejiang,1174,604,0,2020/2/19
1962,Hunan,1008,561,4,2020/2/19
1963,Heilongjiang,470,120,12,2020/2/19
1964,Neimenggu,75,10,0,2020/2/19
1965,Guizhou,146,70,2,2020/2/19
1966,Guangdong,1331,606,5,2020/2/19
1967,Shaanxi,242,102,0,2020/2/19
1968,Hainan,163,84,4,2020/2/19
1969,Guangxi,244,86,2,2020/2/19
1970,Taiwan,23,2,1,2020/2/19
1971,Xinjiang,76,20,1,2020/2/19
1972,Jilin,90,37,1,2020/2/19
1973,Yunnan,173,60,1,2020/2/19
1974,Shanghai,333,186,2,2020/2/19
1975,Qinghai,18,16,0,2020/2/19
1976,Beijing,393,147,4,2020/2/19
1977,Ningxia,71,42,0,2020/2/19
1978,Liaoning,121,55,1,2020/2/19
1979,Jiangxi,934,362,1,2020/2/19
1980,Chongqing,555,254,5,2020/2/19
1981,Gansu,91,62,2,2020/2/18
1982,Shanxi,130,60,0,2020/2/18
1983,Henan,1257,522,19,2020/2/18
1984,Shaanxi,240,89,0,2020/2/18
1985,Tianjin,128,48,3,2020/2/18
1986,Guangdong,1328,565,4,2020/2/18
1987,Anhui,982,361,6,2020/2/18
1988,Hunan,1007,527,4,2020/2/18
1989,Hebei,302,136,4,2020/2/18
1990,Hong Kong,62,2,1,2020/2/18
1991,Guizhou,146,66,2,2020/2/18
1992,Liaoning,121,53,1,2020/2/18
1993,Jiangsu,629,280,0,2020/2/18
1994,Sichuan,508,169,3,2020/2/18
1995,Guangxi,242,69,2,2020/2/18
1996,Zhejiang,1172,535,0,2020/2/18
1997,Shandong,543,211,3,2020/2/18
1998,Hubei,59989,7943,1789,2020/2/18
1999,Heilongjiang,464,111,11,2020/2/18
2000,Hainan,163,79,4,2020/2/18
2001,Ningxia,70,42,0,2020/2/18
2002,Shanghai,333,177,1,2020/2/18
2003,Fujian,292,93,0,2020/2/18
2004,Yunnan,172,57,0,2020/2/18
2005,Chongqing,553,235,5,2020/2/18
2006,Jilin,89,36,1,2020/2/18
2007,Qinghai,18,15,0,2020/2/18
2008,Beijing,387,122,4,2020/2/18
2009,Neimenggu,73,8,0,2020/2/18
2010,Jiangxi,933,310,1,2020/2/18
2011,Xinjiang,76,12,1,2020/2/18
2012,Taiwan,22,2,1,2020/2/17
2013,Henan,1246,509,16,2020/2/17
2014,Gansu,91,58,2,2020/2/17
2015,Chongqing,552,214,5,2020/2/17
2016,Sichuan,495,156,3,2020/2/17
2017,Hebei,301,122,3,2020/2/17
2018,Guangdong,1322,524,4,2020/2/17
2019,Tianjin,125,46,3,2020/2/17
2020,Hubei,58182,6693,1696,2020/2/17
2021,Hunan,1006,498,3,2020/2/17
2022,Shaanxi,240,79,0,2020/2/17
2023,Shanxi,129,51,0,2020/2/17
2024,Hong Kong,58,2,1,2020/2/17
2025,Zhejiang,1171,507,0,2020/2/17
2026,Liaoning,121,43,1,2020/2/17
2027,Guizhou,146,57,1,2020/2/17
2028,Shandong,541,191,2,2020/2/17
2029,Hainan,163,59,4,2020/2/17
2030,Jilin,89,34,1,2020/2/17
2031,Ningxia,70,35,0,2020/2/17
2032,Jiangsu,626,258,0,2020/2/17
2033,Fujian,290,90,0,2020/2/17
2034,Guangxi,238,53,2,2020/2/17
2035,Yunnan,171,47,0,2020/2/17
2036,Anhui,973,280,6,2020/2/17
2037,Heilongjiang,457,85,11,2020/2/17
2038,Shanghai,332,161,1,2020/2/17
2039,Neimenggu,72,8,0,2020/2/17
2040,Xinjiang,75,12,1,2020/2/17
2041,Jiangxi,930,275,1,2020/2/17
2042,Beijing,381,114,4,2020/2/17
2043,Henan,1231,440,13,2020/2/16
2044,Heilongjiang,445,79,11,2020/2/16
2045,Shaanxi,236,71,0,2020/2/16
2046,Gansu,90,54,2,2020/2/16
2047,Shanxi,128,49,0,2020/2/16
2048,Hunan,1004,464,3,2020/2/16
2049,Tianjin,124,45,3,2020/2/16
2050,Guangdong,1316,465,2,2020/2/16
2051,Shandong,537,173,2,2020/2/16
2052,Fujian,287,82,0,2020/2/16
2053,Hebei,300,105,3,2020/2/16
2054,Guangxi,237,49,2,2020/2/16
2055,Hainan,162,52,4,2020/2/16
2056,Liaoning,121,40,1,2020/2/16
2057,Macau,10,5,0,2020/2/16
2058,Hubei,56249,5666,1596,2020/2/16
2059,Taiwan,20,2,1,2020/2/16
2060,Jiangxi,925,240,1,2020/2/16
2061,Sichuan,481,131,3,2020/2/16
2062,Beijing,380,108,4,2020/2/16
2063,Jilin,89,30,1,2020/2/16
2064,Hong Kong,57,2,1,2020/2/16
2065,Yunnan,171,42,0,2020/2/16
2066,Zhejiang,1167,456,0,2020/2/16
2067,Jiangsu,617,218,0,2020/2/16
2068,Guizhou,144,46,1,2020/2/16
2069,Anhui,962,255,6,2020/2/16
2070,Neimenggu,70,8,0,2020/2/16
2071,Xinjiang,71,12,1,2020/2/16
2072,Chongqing,547,187,5,2020/2/16
2073,Shanghai,328,140,1,2020/2/16
2074,Shanghai,326,124,1,2020/2/15
2075,Hubei,54406,4821,1457,2020/2/15
2076,Guizhou,143,41,1,2020/2/15
2077,Guangdong,1294,410,2,2020/2/15
2078,Neimenggu,68,7,0,2020/2/15
2079,Tianjin,122,37,3,2020/2/15
2080,Hunan,1001,425,2,2020/2/15
2081,Fujian,285,71,0,2020/2/15
2082,Hebei,291,101,3,2020/2/15
2083,Henan,1212,391,13,2020/2/15
2084,Anhui,950,221,6,2020/2/15
2085,Jiangsu,604,186,0,2020/2/15
2086,Shaanxi,232,60,0,2020/2/15
2087,Jilin,88,26,1,2020/2/15
2088,Gansu,90,49,2,2020/2/15
2089,Chongqing,538,184,5,2020/2/15
2090,Heilongjiang,425,68,11,2020/2/15
2091,Zhejiang,1162,428,0,2020/2/15
2092,Shandong,532,156,2,2020/2/15
2093,Hainan,162,39,4,2020/2/15
2094,Beijing,375,98,4,2020/2/15
2095,Liaoning,119,31,1,2020/2/15
2096,Xinjiang,70,10,1,2020/2/15
2097,Sichuan,470,119,1,2020/2/15
2098,Ningxia,70,33,0,2020/2/15
2099,Qinghai,18,13,0,2020/2/15
2100,Guangxi,235,44,2,2020/2/15
2101,Yunnan,168,42,0,2020/2/15
2102,Shanxi,127,42,0,2020/2/15
2103,Jiangxi,913,210,1,2020/2/15
2104,Guangxi,226,36,2,2020/2/14
2105,Hainan,159,43,4,2020/2/14
2106,Liaoning,119,29,1,2020/2/14
2107,Zhejiang,1155,403,0,2020/2/14
2108,Heilongjiang,419,47,11,2020/2/14
2109,Guangdong,1261,362,2,2020/2/14
2110,Henan,1184,357,11,2020/2/14
2111,Anhui,934,193,6,2020/2/14
2112,Shaanxi,230,54,0,2020/2/14
2113,Yunnan,162,36,0,2020/2/14
2114,Shandong,523,136,2,2020/2/14
2115,Sichuan,463,114,1,2020/2/14
2116,Fujian,281,63,0,2020/2/14
2117,Hebei,283,87,3,2020/2/14
2118,Tianjin,120,31,3,2020/2/14
2119,Hubei,51986,3900,1318,2020/2/14
2120,Jiangsu,593,157,0,2020/2/14
2121,Hunan,988,364,2,2020/2/14
2122,Hong Kong,56,1,1,2020/2/14
2123,Chongqing,532,139,5,2020/2/14
2124,Beijing,372,80,3,2020/2/14
2125,Shanxi,126,38,0,2020/2/14
2126,Shanghai,318,90,1,2020/2/14
2127,Taiwan,18,2,0,2020/2/14
2128,Neimenggu,65,6,0,2020/2/14
2129,Guizhou,140,28,1,2020/2/14
2130,Ningxia,67,24,0,2020/2/14
2131,Jiangxi,900,187,1,2020/2/14
2132,Xinjiang,65,6,1,2020/2/14
2133,Jilin,86,25,1,2020/2/14
2134,Gansu,90,39,2,2020/2/13
2135,Xinjiang,63,6,1,2020/2/13
2136,Hong Kong,53,1,1,2020/2/13
2137,Henan,1169,296,10,2020/2/13
2138,Liaoning,117,22,1,2020/2/13
2139,Hubei,48206,3459,1310,2020/2/13
2140,Zhejiang,1145,360,0,2020/2/13
2141,Chongqing,525,128,3,2020/2/13
2142,Beijing,366,69,3,2020/2/13
2143,Macao,10,3,0,2020/2/13
2144,Guangdong,1241,314,2,2020/2/13
2145,Anhui,910,157,5,2020/2/13
2146,Shandong,509,105,2,2020/2/13
2147,Sichuan,451,104,1,2020/2/13
2148,Jilin,84,24,1,2020/2/13
2149,Jiangxi,872,170,1,2020/2/13
2150,Hunan,968,339,2,2020/2/13
2151,Jiangsu,570,139,0,2020/2/13
2152,Heilongjiang,395,33,9,2020/2/13
2153,Shanghai,315,62,1,2020/2/13
2154,Hebei,265,68,3,2020/2/13
2155,Guangxi,222,33,2,2020/2/13
2156,Shaanxi,229,46,0,2020/2/13
2157,Yunnan,156,27,0,2020/2/13
2158,Hainan,157,30,4,2020/2/13
2159,Guizhou,135,27,1,2020/2/13
2160,Tianjin,117,21,3,2020/2/13
2161,Shanxi,126,33,0,2020/2/13
2162,Neimenggu,61,6,0,2020/2/13
2163,Fujian,279,57,0,2020/2/13
2164,Qinghai,18,11,0,2020/2/13
2165,Ningxia,64,24,0,2020/2/13
2166,Taiwan,18,1,0,2020/2/13
2167,Xizang,1,1,0,2020/2/13
2168,Guangxi,222,32,1,2020/2/12
2169,Tianjin,112,11,2,2020/2/12
2170,Gansu,86,29,2,2020/2/12
2171,Hubei,33366,2686,1068,2020/2/12
2172,Henan,1135,246,8,2020/2/12
2173,Jiangsu,543,125,0,2020/2/12
2174,Heilongjiang,378,31,8,2020/2/12
2175,Yunnan,154,26,0,2020/2/12
2176,Jilin,83,22,1,2020/2/12
2177,Liaoning,116,20,1,2020/2/12
2178,Hunan,946,304,2,2020/2/12
2179,Sichuan,436,92,1,2020/2/12
2180,Guangdong,1219,275,1,2020/2/12
2181,Fujian,272,53,0,2020/2/12
2182,Shandong,497,92,2,2020/2/12
2183,Hebei,251,54,2,2020/2/12
2184,Shaanxi,225,43,0,2020/2/12
2185,Neimenggu,60,6,0,2020/2/12
2186,Ningxia,58,24,0,2020/2/12
2187,Zhejiang,1131,321,0,2020/2/12
2188,Anhui,889,127,4,2020/2/12
2189,Shanxi,124,33,0,2020/2/12
2190,Macao,10,2,0,2020/2/12
2191,Hong Kong,50,1,1,2020/2/12
2192,Guizhou,133,18,1,2020/2/12
2193,Hainan,157,27,3,2020/2/12
2194,Chongqing,509,87,3,2020/2/12
2195,Shanghai,311,57,1,2020/2/12
2196,Qinghai,18,9,0,2020/2/12
2197,Xizang,1,1,0,2020/2/12
2198,Beijing,352,56,3,2020/2/12
2199,Xinjiang,59,3,0,2020/2/12
2200,Jiangxi,844,152,1,2020/2/12
2201,Guangxi,215,33,1,2020/2/11
2202,Gansu,86,24,2,2020/2/11
2203,Hainan,144,20,3,2020/2/11
2204,Tianjin,105,10,2,2020/2/11
2205,Hubei,31728,2310,974,2020/2/11
2206,Guangdong,1177,212,1,2020/2/11
2207,Henan,1105,218,7,2020/2/11
2208,Jiangxi,804,128,1,2020/2/11
2209,Fujian,267,45,0,2020/2/11
2210,Guizhou,127,17,1,2020/2/11
2211,Zhejiang,1117,270,0,2020/2/11
2212,Hunan,912,247,1,2020/2/11
2213,Shanxi,122,30,0,2020/2/11
2214,Liaoning,111,19,0,2020/2/11
2215,Shandong,487,80,1,2020/2/11
2216,Sichuan,417,85,1,2020/2/11
2217,Heilongjiang,360,28,8,2020/2/11
2218,Hebei,239,48,2,2020/2/11
2219,Qinghai,18,5,0,2020/2/11
2220,Ningxia,53,22,0,2020/2/11
2221,Hong Kong,49,0,1,2020/2/11
2222,Anhui,860,105,4,2020/2/11
2223,Yunnan,153,20,0,2020/2/11
2224,Xinjiang,55,3,0,2020/2/11
2225,Chongqing,489,72,2,2020/2/11
2226,Jiangsu,515,93,0,2020/2/11
2227,Jilin,81,18,1,2020/2/11
2228,Shanghai,303,52,1,2020/2/11
2229,Shaanxi,219,32,0,2020/2/11
2230,Beijing,342,48,3,2020/2/11
2231,Tianjin,95,8,1,2020/2/10
2232,Zhejiang,1092,242,0,2020/2/10
2233,Jilin,80,13,1,2020/2/10
2234,Guangxi,210,24,1,2020/2/10
2235,Fujian,261,39,0,2020/2/10
2236,Jiangsu,492,81,0,2020/2/10
2237,Liaoning,108,13,0,2020/2/10
2238,Jiangxi,771,105,1,2020/2/10
2239,Hunan,879,208,1,2020/2/10
2240,Henan,1073,191,6,2020/2/10
2241,Guangdong,1159,167,1,2020/2/10
2242,Hubei,29631,1854,871,2020/2/10
2243,Shaanxi,213,30,0,2020/2/10
2244,Chongqing,473,66,2,2020/2/10
2245,Guizhou,109,10,1,2020/2/10
2246,Hong Kong,38,0,1,2020/2/10
2247,Sichuan,405,80,1,2020/2/10
2248,Hebei,218,41,2,2020/2/10
2249,Yunnan,149,19,0,2020/2/10
2250,Shandong,466,66,1,2020/2/10
2251,Hainan,138,19,3,2020/2/10
2252,Heilongjiang,331,30,7,2020/2/10
2253,Anhui,830,88,3,2020/2/10
2254,Gansu,83,17,2,2020/2/10
2255,Shanghai,299,48,1,2020/2/10
2256,Neimenggu,58,5,0,2020/2/10
2257,Beijing,337,44,2,2020/2/10
2258,Ningxia,49,13,0,2020/2/10
2259,Xinjiang,49,0,0,2020/2/10
2260,Shanxi,119,25,0,2020/2/10
2261,Guangdong,1131,141,1,2020/2/9
2262,Shandong,444,63,1,2020/2/9
2263,Hainan,131,19,3,2020/2/9
2264,Hebei,206,34,2,2020/2/9
2265,Sichuan,386,71,1,2020/2/9
2266,Hunan,838,186,1,2020/2/9
2267,Liaoning,107,12,0,2020/2/9
2268,Chongqing,450,50,2,2020/2/9
2269,Zhejiang,1075,201,0,2020/2/9
2270,Gansu,79,15,1,2020/2/9
2271,Shanghai,293,44,1,2020/2/9
2272,Henan,1033,153,6,2020/2/9
2273,Hubei,27100,1480,780,2020/2/9
2274,Jiangxi,740,74,0,2020/2/9
2275,Jiangsu,468,71,0,2020/2/9
2276,Guizhou,99,7,1,2020/2/9
2277,Hong Kong,29,0,1,2020/2/9
2278,Anhui,779,72,1,2020/2/9
2279,Taiwan,18,1,0,2020/2/9
2280,Fujian,250,35,0,2020/2/9
2281,Shanxi,115,22,0,2020/2/9
2282,Jilin,78,12,1,2020/2/9
2283,Yunnan,141,18,0,2020/2/9
2284,Heilongjiang,307,14,6,2020/2/9
2285,Tianjin,90,4,1,2020/2/9
2286,Beijing,326,37,2,2020/2/9
2287,Shaanxi,208,25,0,2020/2/9
2288,Neimenggu,54,5,0,2020/2/9
2289,Ningxia,45,13,0,2020/2/9
2290,Guangxi,195,18,1,2020/2/9
2291,Xinjiang,45,0,0,2020/2/9
2292,Sichuan,364,60,1,2020/2/8
2293,Gansu,79,12,1,2020/2/8
2294,Henan,981,116,4,2020/2/8
2295,Hubei,24953,1218,699,2020/2/8
2296,Hunan,803,156,1,2020/2/8
2297,Liaoning,105,8,0,2020/2/8
2298,Guangdong,1095,112,1,2020/2/8
2299,Shandong,416,44,0,2020/2/8
2300,Hebei,195,30,1,2020/2/8
2301,Chongqing,428,39,2,2020/2/8
2302,Zhejiang,1048,175,0,2020/2/8
2303,Hainan,124,14,2,2020/2/8
2304,Jiangsu,439,51,0,2020/2/8
2305,Shaanxi,195,20,0,2020/2/8
2306,Ningxia,45,15,0,2020/2/8
2307,Yunnan,138,17,0,2020/2/8
2308,Heilongjiang,295,13,5,2020/2/8
2309,Tianjin,88,4,1,2020/2/8
2310,Fujian,239,24,0,2020/2/8
2311,Anhui,733,59,0,2020/2/8
2312,Shanxi,104,20,0,2020/2/8
2313,Guizhou,89,7,1,2020/2/8
2314,Shanghai,286,41,1,2020/2/8
2315,Taiwan,17,1,0,2020/2/8
2316,Guangxi,183,17,0,2020/2/8
2317,Neimenggu,52,5,0,2020/2/8
2318,Xinjiang,42,0,0,2020/2/8
2319,Beijing,315,34,2,2020/2/8
2320,Jiangxi,698,55,0,2020/2/8
2321,Jilin,69,4,1,2020/2/8
2322,Hong Kong,26,0,1,2020/2/8
2323,Liaoning,99,7,0,2020/2/7
2324,Hubei,22112,867,618,2020/2/7
2325,Jiangsu,408,43,0,2020/2/7
2326,Henan,914,86,3,2020/2/7
2327,Fujian,224,20,0,2020/2/7
2328,Hainan,117,10,2,2020/2/7
2329,Shanxi,96,15,0,2020/2/7
2330,Chongqing,415,31,2,2020/2/7
2331,Hebei,172,22,1,2020/2/7
2332,Hong Kong,25,0,1,2020/2/7
2333,Hunan,772,112,0,2020/2/7
2334,Zhejiang,1006,123,0,2020/2/7
2335,Shandong,386,37,0,2020/2/7
2336,Neimenggu,50,5,0,2020/2/7
2337,Ningxia,43,5,0,2020/2/7
2338,Guizhou,81,6,1,2020/2/7
2339,Guangdong,1034,88,1,2020/2/7
2340,Yunnan,136,13,0,2020/2/7
2341,Sichuan,344,42,1,2020/2/7
2342,Shaanxi,184,17,0,2020/2/7
2343,Heilongjiang,277,12,3,2020/2/7
2344,Shanghai,277,30,1,2020/2/7
2345,Tianjin,81,2,1,2020/2/7
2346,Anhui,665,47,0,2020/2/7
2347,Xinjiang,39,0,0,2020/2/7
2348,Beijing,297,33,1,2020/2/7
2349,Gansu,67,9,0,2020/2/7
2350,Guangxi,172,17,0,2020/2/7
2351,Jiangxi,661,45,0,2020/2/7
2352,Jilin,65,4,1,2020/2/7
2353,Taiwan,16,1,0,2020/2/6
2354,Hong Kong,24,0,1,2020/2/6
2355,Liaoning,94,5,0,2020/2/6
2356,Macao,10,1,0,2020/2/6
2357,Jilin,59,4,0,2020/2/6
2358,Shanxi,90,12,0,2020/2/6
2359,Hebei,157,13,1,2020/2/6
2360,Shaanxi,173,9,0,2020/2/6
2361,Chongqing,400,24,2,2020/2/6
2362,Anhui,591,34,0,2020/2/6
2363,Hunan,711,81,0,2020/2/6
2364,Guangdong,970,69,0,2020/2/6
2365,Hubei,19665,712,549,2020/2/6
2366,Henan,851,56,2,2020/2/6
2367,Hainan,106,8,1,2020/2/6
2368,Fujian,215,14,0,2020/2/6
2369,Zhejiang,954,94,0,2020/2/6
2370,Guizhou,71,6,1,2020/2/6
2371,Yunnan,133,7,0,2020/2/6
2372,Heilongjiang,227,8,3,2020/2/6
2373,Sichuan,321,31,1,2020/2/6
2374,Jiangsu,373,34,0,2020/2/6
2375,Shandong,347,27,0,2020/2/6
2376,Xinjiang,36,0,0,2020/2/6
2377,Shanghai,257,25,1,2020/2/6
2378,Tianjin,78,2,1,2020/2/6
2379,Beijing,274,31,1,2020/2/6
2380,Guangxi,168,14,0,2020/2/6
2381,Jiangxi,600,37,0,2020/2/6
2382,Neimenggu,46,4,0,2020/2/6
2383,Qinghai,18,3,0,2020/2/6
2384,Ningxia,40,1,0,2020/2/6
2385,Gansu,62,6,0,2020/2/6
2386,Hubei,16678,536,479,2020/2/5
2387,Liaoning,89,4,0,2020/2/5
2388,Shanxi,81,5,0,2020/2/5
2389,Henan,764,47,2,2020/2/5
2390,Hunan,661,54,0,2020/2/5
2391,Gansu,57,6,0,2020/2/5
2392,Zhejiang,895,78,0,2020/2/5
2393,Anhui,530,23,0,2020/2/5
2394,Guangdong,895,49,0,2020/2/5
2395,Hong Kong,21,0,1,2020/2/5
2396,Jiangsu,341,23,0,2020/2/5
2397,Guizhou,64,9,1,2020/2/5
2398,Fujian,205,11,0,2020/2/5
2399,Heilongjiang,190,7,2,2020/2/5
2400,Guangxi,150,13,0,2020/2/5
2401,Hebei,135,6,1,2020/2/5
2402,Hainan,91,5,1,2020/2/5
2403,Jilin,54,2,0,2020/2/5
2404,Shandong,307,15,0,2020/2/5
2405,Sichuan,301,24,1,2020/2/5
2406,Chongqing,376,15,2,2020/2/5
2407,Neimenggu,42,3,0,2020/2/5
2408,Shaanxi,165,6,0,2020/2/5
2409,Yunnan,124,5,0,2020/2/5
2410,Shanghai,243,15,1,2020/2/5
2411,Beijing,253,24,1,2020/2/5
2412,Tianjin,69,2,1,2020/2/5
2413,Qinghai,17,3,0,2020/2/5
2414,Xinjiang,32,0,0,2020/2/5
2415,Jiangxi,548,27,0,2020/2/5
2416,Gansu,57,4,0,2020/2/4
2417,Taiwan,11,0,0,2020/2/4
2418,Jiangxi,476,20,0,2020/2/4
2419,Henan,675,27,2,2020/2/4
2420,Liaoning,81,2,0,2020/2/4
2421,Hunan,593,31,0,2020/2/4
2422,Sichuan,282,14,1,2020/2/4
2423,Tianjin,67,2,0,2020/2/4
2424,Guangdong,813,30,0,2020/2/4
2425,Zhejiang,829,62,0,2020/2/4
2426,Shanxi,74,4,0,2020/2/4
2427,Shaanxi,142,2,0,2020/2/4
2428,Shanghai,219,12,1,2020/2/4
2429,Xinjiang,29,0,0,2020/2/4
2430,Fujian,194,3,0,2020/2/4
2431,Shandong,275,11,0,2020/2/4
2432,Jiangsu,308,12,0,2020/2/4
2433,Hainan,80,5,1,2020/2/4
2434,Guizhou,58,2,0,2020/2/4
2435,Hubei,13522,397,414,2020/2/4
2436,Hong Kong,17,0,1,2020/2/4
2437,Hebei,126,4,1,2020/2/4
2438,Beijing,228,23,1,2020/2/4
2439,Chongqing,344,9,2,2020/2/4
2440,Xizang,1,0,0,2020/2/4
2441,Heilongjiang,155,4,2,2020/2/4
2442,Yunnan,119,5,0,2020/2/4
2443,Guangxi,139,10,0,2020/2/4
2444,Anhui,480,20,0,2020/2/4
2445,Macao,10,0,0,2020/2/4
2446,Jilin,42,1,0,2020/2/4
2447,Neimenggu,35,1,0,2020/2/4
2448,Ningxia,34,1,0,2020/2/4
2449,Qinghai,15,0,0,2020/2/4
2450,Anhui,408,14,0,2020/2/3
2451,Henan,566,16,2,2020/2/3
2452,Shandong,259,7,0,2020/2/3
2453,Hainan,72,4,1,2020/2/3
2454,Liaoning,74,1,0,2020/2/3
2455,Tianjin,60,1,0,2020/2/3
2456,Hubei,11177,300,350,2020/2/3
2457,Zhejiang,724,43,0,2020/2/3
2458,Guangdong,725,21,0,2020/2/3
2459,Yunnan,114,5,0,2020/2/3
2460,Guangxi,127,7,0,2020/2/3
2461,Fujian,179,1,0,2020/2/3
2462,Sichuan,254,14,1,2020/2/3
2463,Jiangsu,271,8,0,2020/2/3
2464,Hunan,521,22,0,2020/2/3
2465,Beijing,212,12,1,2020/2/3
2466,Ningxia,31,1,0,2020/2/3
2467,Chongqing,312,8,2,2020/2/3
2468,Shanghai,203,10,1,2020/2/3
2469,Heilongjiang,121,2,2,2020/2/3
2470,Xinjiang,24,0,0,2020/2/3
2471,Shanxi,66,2,0,2020/2/3
2472,Qinghai,13,0,0,2020/2/3
2473,Neimenggu,34,1,0,2020/2/3
2474,Shaanxi,128,0,0,2020/2/3
2475,Jiangxi,391,18,0,2020/2/3
2476,Hebei,113,3,1,2020/2/3
2477,Gansu,51,3,0,2020/2/3
2478,Guizhou,46,2,0,2020/2/3
2479,Jilin,31,1,0,2020/2/3
2480,Hong Kong,15,0,0,2020/2/3
2481,Hainan,64,4,1,2020/2/2
2482,Henan,493,10,2,2020/2/2
2483,Gansu,40,3,0,2020/2/2
2484,Liaoning,70,1,0,2020/2/2
2485,Jiangxi,333,12,0,2020/2/2
2486,Sichuan,231,11,1,2020/2/2
2487,Anhui,340,7,0,2020/2/2
2488,Hunan,463,16,0,2020/2/2
2489,Zhejiang,661,32,0,2020/2/2
2490,Guangdong,632,15,0,2020/2/2
2491,Hubei,9074,267,294,2020/2/2
2492,Jiangsu,236,7,0,2020/2/2
2493,Tianjin,48,1,0,2020/2/2
2494,Yunnan,105,3,0,2020/2/2
2495,Shanxi,56,2,0,2020/2/2
2496,Shandong,230,6,0,2020/2/2
2497,Beijing,191,9,1,2020/2/2
2498,Chongqing,275,7,1,2020/2/2
2499,Qinghai,11,0,0,2020/2/2
2500,Xizang,1,0,0,2020/2/2
2501,Shanghai,182,10,1,2020/2/2
2502,Macao,8,0,0,2020/2/2
2503,Fujian,159,0,0,2020/2/2
2504,Neimenggu,27,1,0,2020/2/2
2505,Shaanxi,116,0,0,2020/2/2
2506,Heilongjiang,95,2,2,2020/2/2
2507,Hebei,104,3,1,2020/2/2
2508,Jilin,23,1,0,2020/2/2
2509,Ningxia,28,0,0,2020/2/2
2510,Hong Kong,14,0,0,2020/2/2
2511,Guizhou,38,2,0,2020/2/2
2512,Xinjiang,21,0,0,2020/2/2
2513,Guangxi,111,2,0,2020/2/2
2514,Yunnan,93,2,0,2020/2/1
2515,Tianjin,41,0,0,2020/2/1
2516,Gansu,40,0,0,2020/2/1
2517,Liaoning,64,1,0,2020/2/1
2518,Guangdong,535,14,0,2020/2/1
2519,Jiangsu,202,6,0,2020/2/1
2520,Anhui,297,5,0,2020/2/1
2521,Jilin,17,1,0,2020/2/1
2522,Qinghai,9,0,0,2020/2/1
2523,Hainan,62,1,1,2020/2/1
2524,Henan,422,3,2,2020/2/1
2525,Hubei,7153,168,249,2020/2/1
2526,Chongqing,247,3,1,2020/2/1
2527,Hunan,389,8,0,2020/2/1
2528,Zhejiang,599,21,0,2020/2/1
2529,Heilongjiang,80,2,2,2020/2/1
2530,Xinjiang,18,0,0,2020/2/1
2531,Beijing,168,9,1,2020/2/1
2532,Shanghai,169,10,1,2020/2/1
2533,Ningxia,26,0,0,2020/2/1
2534,Shandong,206,3,0,2020/2/1
2535,Hong Kong,13,0,0,2020/2/1
2536,Sichuan,207,3,1,2020/2/1
2537,Fujian,144,0,0,2020/2/1
2538,Neimenggu,23,1,0,2020/2/1
2539,Shaanxi,101,0,0,2020/2/1
2540,Jiangxi,286,9,0,2020/2/1
2541,Guangxi,100,2,0,2020/2/1
2542,Hebei,96,0,1,2020/2/1
2543,Shanxi,47,1,0,2020/2/1
2544,Zhejiang,538,14,0,2020/1/31
2545,Hubei,5806,141,204,2020/1/31
2546,Guangdong,436,11,0,2020/1/31
2547,Taiwan,10,0,0,2020/1/31
2548,Jiangsu,168,5,0,2020/1/31
2549,Neimenggu,20,1,0,2020/1/31
2550,Guizhou,29,2,0,2020/1/31
2551,Yunnan,83,1,0,2020/1/31
2552,Xinjiang,17,0,0,2020/1/31
2553,Shanghai,135,9,1,2020/1/31
2554,Hainan,52,1,1,2020/1/31
2555,Beijing,139,5,1,2020/1/31
2556,Chongqing,211,1,0,2020/1/31
2557,Shandong,184,2,0,2020/1/31
2558,Henan,352,3,2,2020/1/31
2559,Jilin,14,1,0,2020/1/31
2560,Liaoning,48,1,0,2020/1/31
2561,Fujian,120,0,0,2020/1/31
2562,Tianjin,32,0,0,2020/1/31
2563,Shaanxi,87,0,0,2020/1/31
2564,Ningxia,21,0,0,2020/1/31
2565,Qinghai,8,0,0,2020/1/31
2566,Hunan,332,2,0,2020/1/31
2567,Heilongjiang,59,0,2,2020/1/31
2568,Jiangxi,240,7,0,2020/1/31
2569,Sichuan,177,1,1,2020/1/31
2570,Anhui,237,3,0,2020/1/31
2571,Guangxi,87,2,0,2020/1/31
2572,Hebei,82,0,1,2020/1/31
2573,Hong Kong,12,0,0,2020/1/31
2574,Gansu,29,0,0,2020/1/31
2575,Shanxi,39,1,0,2020/1/31
2576,Tianjin,31,0,0,2020/1/30
2577,Heilongjiang,44,0,2,2020/1/30
2578,Hubei,4903,90,162,2020/1/30
2579,Guangdong,354,10,0,2020/1/30
2580,Qinghai,8,0,0,2020/1/30
2581,Taiwan,9,0,0,2020/1/30
2582,Chongqing,182,1,0,2020/1/30
2583,Shandong,158,1,0,2020/1/30
2584,Shanghai,112,5,1,2020/1/30
2585,Hainan,46,1,1,2020/1/30
2586,Hunan,277,2,0,2020/1/30
2587,Liaoning,41,1,0,2020/1/30
2588,Ningxia,17,0,0,2020/1/30
2589,Henan,278,2,2,2020/1/30
2590,Beijing,114,4,1,2020/1/30
2591,Jiangxi,162,5,0,2020/1/30
2592,Neimenggu,18,0,0,2020/1/30
2593,Shaanxi,63,0,0,2020/1/30
2594,Fujian,101,0,0,2020/1/30
2595,Yunnan,70,0,0,2020/1/30
2596,Jilin,14,1,0,2020/1/30
2597,Gansu,26,0,0,2020/1/30
2598,Zhejiang,428,4,0,2020/1/30
2599,Xinjiang,14,0,0,2020/1/30
2600,Guizhou,12,1,0,2020/1/30
2601,Anhui,200,2,0,2020/1/30
2602,Jiangsu,129,1,0,2020/1/30
2603,Sichuan,142,1,1,2020/1/30
2604,Guangxi,78,2,0,2020/1/30
2605,Hebei,65,0,1,2020/1/30
2606,Xizang,1,0,0,2020/1/30
2607,Shanxi,35,1,0,2020/1/30
2608,Beijing,111,4,1,2020/1/29
2609,Sichuan,108,1,1,2020/1/29
2610,Liaoning,39,1,0,2020/1/29
2611,Xinjiang,13,0,0,2020/1/29
2612,Tianjin,27,0,0,2020/1/29
2613,Shaanxi,56,0,0,2020/1/29
2614,Shanxi,27,1,0,2020/1/29
2615,Hubei,3554,87,125,2020/1/29
2616,Hong Kong,10,0,0,2020/1/29
2617,Guangdong,277,5,0,2020/1/29
2618,Yunnan,55,0,0,2020/1/29
2619,Fujian,84,0,0,2020/1/29
2620,Shanghai,96,5,1,2020/1/29
2621,Shandong,130,1,0,2020/1/29
2622,Heilongjiang,38,0,1,2020/1/29
2623,Anhui,152,2,0,2020/1/29
2624,Guizhou,9,1,0,2020/1/29
2625,Chongqing,147,1,0,2020/1/29
2626,Neimenggu,16,0,0,2020/1/29
2627,Ningxia,12,0,0,2020/1/29
2628,Hainan,43,0,1,2020/1/29
2629,Xizang,0,0,0,2020/1/29
2630,Jilin,9,0,0,2020/1/29
2631,Jiangsu,99,1,0,2020/1/29
2632,Gansu,24,0,0,2020/1/29
2633,Hunan,221,0,0,2020/1/29
2634,Hebei,48,0,1,2020/1/29
2635,Zhejiang,296,3,0,2020/1/29
2636,Henan,206,1,2,2020/1/29
2637,Guangxi,58,2,0,2020/1/29
2638,Jiangxi,109,3,0,2020/1/29
2639,Beijing,91,4,1,2020/1/28
2640,Taiwan,8,0,0,2020/1/28
2641,Fujian,80,0,0,2020/1/28
2642,Liaoning,34,0,0,2020/1/28
2643,Zhejiang,173,3,0,2020/1/28
2644,Guangdong,207,4,0,2020/1/28
2645,Guangxi,51,2,0,2020/1/28
2646,Hubei,2714,52,100,2020/1/28
2647,Neimenggu,15,0,0,2020/1/28
2648,Shandong,95,0,0,2020/1/28
2649,Hunan,143,0,0,2020/1/28
2650,Jiangxi,72,3,0,2020/1/28
2651,Shanghai,66,4,1,2020/1/28
2652,Shaanxi,46,0,0,2020/1/28
2653,Yunnan,44,0,0,2020/1/28
2654,Hainan,40,0,1,2020/1/28
2655,Tianjin,24,0,0,2020/1/28
2656,Gansu,19,0,0,2020/1/28
2657,Jilin,8,0,0,2020/1/28
2658,Macao,7,0,0,2020/1/28
2659,Hebei,33,0,1,2020/1/28
2660,Ningxia,11,0,0,2020/1/28
2661,Xinjiang,10,0,0,2020/1/28
2662,Chongqing,132,0,0,2020/1/28
2663,Shanxi,20,0,0,2020/1/28
2664,Sichuan,90,0,0,2020/1/28
2665,Heilongjiang,30,0,1,2020/1/28
2666,Anhui,106,0,0,2020/1/28
2667,Jiangsu,70,1,0,2020/1/28
2668,Guizhou,9,0,0,2020/1/28
2669,Henan,168,0,1,2020/1/28
2670,Beijing,80,2,1,2020/1/27
2671,Fujian,59,0,0,2020/1/27
2672,Qinghai,6,0,0,2020/1/27
2673,Guangdong,151,3,0,2020/1/27
2674,Tianjin,22,0,0,2020/1/27
2675,Yunnan,26,0,0,2020/1/27
2676,Hainan,33,0,1,2020/1/27
2677,Liaoning,27,0,0,2020/1/27
2678,Shandong,75,1,0,2020/1/27
2679,Hubei,1423,47,76,2020/1/27
2680,Shanghai,53,3,1,2020/1/27
2681,Taiwan,5,0,0,2020/1/27
2682,Ningxia,7,0,0,2020/1/27
2683,Jiangxi,48,1,0,2020/1/27
2684,Shaanxi,35,0,0,2020/1/27
2685,Neimenggu,11,0,0,2020/1/27
2686,Sichuan,69,0,0,2020/1/27
2687,Xinjiang,5,0,0,2020/1/27
2688,Hebei,18,0,1,2020/1/27
2689,Chongqing,110,0,0,2020/1/27
2690,Gansu,14,0,0,2020/1/27
2691,Jilin,6,0,0,2020/1/27
2692,Jiangsu,47,1,0,2020/1/27
2693,Heilongjiang,21,0,1,2020/1/27
2694,Zhejiang,128,1,0,2020/1/27
2695,Guizhou,7,0,0,2020/1/27
2696,Hunan,100,0,0,2020/1/27
2697,Anhui,70,0,0,2020/1/27
2698,Henan,128,0,1,2020/1/27
2699,Guangxi,46,0,0,2020/1/27
2700,Shanxi,13,0,0,2020/1/27
2701,Macao,6,0,0,2020/1/27
2702,Hong Kong,8,0,0,2020/1/27
2703,Beijing,68,2,0,2020/1/26
2704,Yunnan,16,0,0,2020/1/26
2705,Taiwan,4,0,0,2020/1/26
2706,Tianjin,14,0,0,2020/1/26
2707,Fujian,35,0,0,2020/1/26
2708,Guangdong,111,2,0,2020/1/26
2709,Guangxi,36,0,0,2020/1/26
2710,Liaoning,21,0,0,2020/1/26
2711,Jiangsu,33,1,0,2020/1/26
2712,Shandong,46,0,0,2020/1/26
2713,Hubei,1058,42,52,2020/1/26
2714,Macao,5,0,0,2020/1/26
2715,Shaanxi,22,0,0,2020/1/26
2716,Sichuan,44,0,0,2020/1/26
2717,Shanghai,40,1,1,2020/1/26
2718,Hainan,22,0,0,2020/1/26
2719,Ningxia,4,0,0,2020/1/26
2720,Henan,83,0,1,2020/1/26
2721,Zhejiang,104,1,0,2020/1/26
2722,Chongqing,75,0,0,2020/1/26
2723,Hunan,69,0,0,2020/1/26
2724,Anhui,60,0,0,2020/1/26
2725,Heilongjiang,15,0,1,2020/1/26
2726,Hebei,13,0,1,2020/1/26
2727,Gansu,7,0,0,2020/1/26
2728,Guizhou,5,0,0,2020/1/26
2729,Xinjiang,4,0,0,2020/1/26
2730,Jiangxi,36,0,0,2020/1/26
2731,Shanxi,9,0,0,2020/1/26
2732,Neimenggu,7,0,0,2020/1/26
2733,Hubei,730,32,39,2020/1/25
2734,Shaanxi,15,0,0,2020/1/25
2735,Neimenggu,7,0,0,2020/1/25
2736,Beijing,41,2,0,2020/1/25
2737,Hainan,19,0,0,2020/1/25
2738,Liaoning,16,0,0,2020/1/25
2739,Yunnan,11,0,0,2020/1/25
2740,Tianjin,10,0,0,2020/1/25
2741,Gansu,4,0,0,2020/1/25
2742,Qinghai,1,0,0,2020/1/25
2743,Fujian,18,0,0,2020/1/25
2744,Shandong,27,0,0,2020/1/25
2745,Sichuan,28,0,0,2020/1/25
2746,Ningxia,3,0,0,2020/1/25
2747,Chongqing,57,0,0,2020/1/25
2748,Xinjiang,3,0,0,2020/1/25
2749,Jiangsu,18,1,0,2020/1/25
2750,Guizhou,4,0,0,2020/1/25
2751,Jilin,4,0,0,2020/1/25
2752,Heilongjiang,9,0,1,2020/1/25
2753,Hebei,8,0,1,2020/1/25
2754,Zhejiang,62,1,0,2020/1/25
2755,Henan,32,0,0,2020/1/25
2756,Hunan,43,0,0,2020/1/25
2757,Anhui,39,0,0,2020/1/25
2758,Guangdong,78,2,0,2020/1/25
2759,Hong Kong,5,0,0,2020/1/25
2760,Shanghai,33,1,0,2020/1/25
2761,Shanxi,6,0,0,2020/1/25
2762,Jiangxi,18,0,0,2020/1/25
2763,Guangxi,23,0,0,2020/1/25
2764,Taiwan,3,0,0,2020/1/25
2765,Yunnan,5,0,0,2020/1/24
2766,Guangdong,53,2,0,2020/1/24
2767,Zhejiang,43,1,0,2020/1/24
2768,Beijing,36,1,0,2020/1/24
2769,Chongqing,27,0,0,2020/1/24
2770,Hunan,24,0,0,2020/1/24
2771,Sichuan,15,0,0,2020/1/24
2772,Shandong,15,0,0,2020/1/24
2773,Anhui,15,0,0,2020/1/24
2774,Guangxi,13,0,0,2020/1/24
2775,Henan,9,0,0,2020/1/24
2776,Jiangsu,9,0,0,2020/1/24
2777,Hainan,8,0,0,2020/1/24
2778,Jiangxi,7,0,0,2020/1/24
2779,Shaanxi,5,0,0,2020/1/24
2780,Liaoning,4,0,0,2020/1/24
2781,Tianjin,8,0,0,2020/1/24
2782,Shanghai,20,1,0,2020/1/24
2783,Qinghai,0,0,0,2020/1/24
2784,Fujian,10,0,0,2020/1/24
2785,Hubei,549,31,24,2020/1/24
2786,Hebei,2,0,1,2020/1/24
2787,Heilongjiang,4,0,1,2020/1/24
2788,Ningxia,2,0,0,2020/1/24
2789,Neimenggu,2,0,0,2020/1/24
2790,Jilin,3,0,0,2020/1/24
2791,Guizhou,3,0,0,2020/1/24
2792,Hong Kong,2,0,0,2020/1/24
2793,Macao,2,0,0,2020/1/24
2794,Xinjiang,2,0,0,2020/1/24
2795,Gansu,2,0,0,2020/1/24
2796,Taiwan,1,0,0,2020/1/24
2797,Shanxi,1,0,0,2020/1/24
2798,Hong Kong,2,0,0,2020/1/23
2799,Gansu,2,0,0,2020/1/23
2800,Jiangsu,5,0,0,2020/1/23
2801,Heilongjiang,2,0,0,2020/1/23
2802,Xinjiang,2,0,0,2020/1/23
2803,Beijing,22,0,0,2020/1/23
2804,Shaanxi,3,0,0,2020/1/23
2805,Guangdong,32,2,0,2020/1/23
2806,Fujian,5,0,0,2020/1/23
2807,Hainan,5,0,0,2020/1/23
2808,Zhejiang,27,0,0,2020/1/23
2809,Jiangxi,3,0,0,2020/1/23
2810,Guizhou,3,0,0,2020/1/23
2811,Anhui,9,0,0,2020/1/23
2812,Chongqing,9,0,0,2020/1/23
2813,Neimenggu,0,0,0,2020/1/23
2814,Hunan,9,0,0,2020/1/23
2815,Jilin,1,0,0,2020/1/23
2816,Liaoning,3,0,0,2020/1/23
2817,Sichuan,8,0,0,2020/1/23
2818,Shandong,6,0,0,2020/1/23
2819,Macao,2,0,0,2020/1/23
2820,Shanghai,16,0,0,2020/1/23
2821,Guangxi,5,0,0,2020/1/23
2822,Hebei,1,0,0,2020/1/22
2823,Hubei,444,28,17,2020/1/22
2824,Shandong,2,0,0,2020/1/22
2825,Guangxi,2,0,0,2020/1/22
2826,Henan,5,0,0,2020/1/22
2827,Ningxia,1,0,0,2020/1/22
2828,Sichuan,5,0,0,2020/1/22
2829,Chongqing,6,0,0,2020/1/22
2830,Shanxi,1,0,0,2020/1/22
2831,Hunan,4,0,0,2020/1/22
2832,Guizhou,1,0,0,2020/1/22
2833,Fujian,1,0,0,2020/1/22
2834,Anhui,1,0,0,2020/1/22
2835,Liaoning,2,0,0,2020/1/22
2836,Hainan,4,0,0,2020/1/22
2837,Tianjin,4,0,0,2020/1/22
2838,Zhejiang,10,0,0,2020/1/22
2839,Guangdong,26,0,0,2020/1/22
2840,Macao,1,0,0,2020/1/22
2841,Shanghai,9,0,0,2020/1/22
2842,Jiangxi,2,0,0,2020/1/22
2843,Beijing,10,0,0,2020/1/22
2844,Yunnan,1,0,0,2020/1/22
2845,Jilin,0,0,0,2020/1/22
2846,Taiwan,1,0,0,2020/1/22
2847,Hong Kong,0,0,0,2020/1/22
2848,Heilongjiang,0,0,0,2020/1/22
