date,passenger,provinceName
2020/2/3,1924.035509,湖北
2020/2/3,29.0652624,河南
2020/2/3,28.0044864,湖南
2020/2/3,22.276296,广东
2020/2/3,21.0033648,安徽
2020/2/3,15.0630192,江西
2020/2/3,13.790088,江苏
2020/2/3,7.6375872,浙江
2020/2/3,6.7889664,陕西
2020/2/3,6.7889664,四川
2020/2/3,5.30388,河北
2020/2/3,4.4552592,重庆
2020/2/3,4.0309488,山东
2020/2/3,4.0309488,山西
2020/2/3,3.3944832,福建
2020/2/3,3.3944832,广西
2020/2/3,3.182328,甘肃
2020/2/3,2.7580176,北京
2020/2/3,2.5458624,黑龙江
2020/2/3,2.121552,云南
2020/2/3,1.4850864,上海
2020/2/3,1.4850864,内蒙古
2020/2/3,1.2729312,吉林
2020/2/3,1.2729312,贵州
2020/2/3,0.8486208,新疆
2020/2/3,0.8486208,宁夏
2020/2/3,0.8486208,辽宁
2020/2/3,0.6364656,天津
2020/2/2,4348.461964,湖北
2020/2/2,56.7612036,河南
2020/2/2,34.61049,湖南
2020/2/2,23.5351332,广东
2020/2/2,19.3818744,安徽
2020/2/2,18.458928,江西
2020/2/2,14.3056692,江苏
2020/2/2,10.6138836,重庆
2020/2/2,9.229464,山东
2020/2/2,8.3065176,陕西
2020/2/2,6.4606248,浙江
2020/2/2,5.9991516,山西
2020/2/2,5.0762052,上海
2020/2/2,5.0762052,北京
2020/2/2,5.0762052,河北
2020/2/2,4.614732,福建
2020/2/2,4.1532588,四川
2020/2/2,3.6917856,辽宁
2020/2/2,3.2303124,贵州
2020/2/2,3.2303124,云南
2020/2/2,3.2303124,广西
2020/2/2,3.2303124,甘肃
2020/2/2,2.307366,内蒙古
2020/2/2,1.8458928,吉林
2020/2/2,1.8458928,黑龙江
2020/2/2,1.3844196,新疆
2020/2/2,1.3844196,天津
2020/2/2,1.3844196,海南
2020/2/2,0.9229464,青海
2020/2/1,2186.60459,湖北
2020/2/1,28.9445076,湖南
2020/2/1,27.061938,河南
2020/2/1,18.3550536,安徽
2020/2/1,15.7665204,广东
2020/2/1,10.8247752,江苏
2020/2/1,10.3541328,江西
2020/2/1,7.2949572,山东
2020/2/1,5.1770664,河北
2020/2/1,4.706424,上海
2020/2/1,4.4711028,四川
2020/2/1,4.0004604,北京
2020/2/1,4.0004604,重庆
2020/2/1,3.529818,陕西
2020/2/1,3.529818,浙江
2020/2/1,2.1178908,福建
2020/2/1,1.4119272,内蒙古
2020/2/1,1.4119272,广西
2020/2/1,1.4119272,山西
2020/2/1,1.4119272,甘肃
2020/2/1,1.4119272,贵州
2020/2/1,1.176606,云南
2020/2/1,1.176606,黑龙江
2020/2/1,0.9412848,吉林
2020/2/1,0.9412848,海南
2020/2/1,0.4706424,天津
2020/2/1,0.2353212,宁夏
2020/2/1,0.2353212,青海
2020/2/1,0.2353212,新疆
2020/2/1,0.2353212,辽宁
2020/1/31,2179.168142,湖北
2020/1/31,33.0248988,湖南
2020/1/31,32.074542,河南
2020/1/31,24.946866,广东
2020/1/31,16.1560656,安徽
2020/1/31,15.443298,江西
2020/1/31,14.255352,江苏
2020/1/31,8.0780328,浙江
2020/1/31,6.6524976,重庆
2020/1/31,6.4149084,四川
2020/1/31,4.751784,北京
2020/1/31,4.0390164,山东
2020/1/31,3.8014272,河北
2020/1/31,3.563838,陕西
2020/1/31,3.563838,上海
2020/1/31,2.8510704,福建
2020/1/31,2.375892,吉林
2020/1/31,1.9007136,天津
2020/1/31,1.9007136,内蒙古
2020/1/31,1.9007136,广西
2020/1/31,1.4255352,山西
2020/1/31,1.187946,贵州
2020/1/31,1.187946,云南
2020/1/31,0.9503568,黑龙江
2020/1/31,0.4751784,甘肃
2020/1/31,0.4751784,宁夏
2020/1/31,0.4751784,辽宁
2020/1/31,0.4751784,新疆
2020/1/30,2243.565443,湖北
2020/1/30,34.115256,湖南
2020/1/30,29.9726892,河南
2020/1/30,20.2254732,广东
2020/1/30,18.0323496,江苏
2020/1/30,17.057628,江西
2020/1/30,12.4277004,安徽
2020/1/30,8.0414532,浙江
2020/1/30,6.09201,四川
2020/1/30,5.6046492,重庆
2020/1/30,5.3609688,陕西
2020/1/30,4.3862472,山东
2020/1/30,4.3862472,河北
2020/1/30,3.4115256,福建
2020/1/30,2.436804,内蒙古
2020/1/30,2.436804,贵州
2020/1/30,2.1931236,辽宁
2020/1/30,2.1931236,上海
2020/1/30,1.7057628,北京
2020/1/30,1.7057628,云南
2020/1/30,1.218402,天津
2020/1/30,0.7310412,甘肃
2020/1/30,0.7310412,广西
2020/1/30,0.7310412,西藏
2020/1/30,0.7310412,黑龙江
2020/1/30,0.7310412,山西
2020/1/30,0.4873608,吉林
2020/1/30,0.4873608,海南
2020/1/30,0.2436804,宁夏
2020/1/30,0.2436804,新疆
2020/1/30,0.2436804,青海
2020/1/29,2383.221139,湖北
2020/1/29,45.0059328,河南
2020/1/29,33.2311248,广东
2020/1/29,32.7078,湖南
2020/1/29,18.316368,江苏
2020/1/29,17.7930432,江西
2020/1/29,15.9614064,安徽
2020/1/29,8.3731968,重庆
2020/1/29,7.849872,浙江
2020/1/29,7.0648848,山东
2020/1/29,4.9715856,四川
2020/1/29,4.9715856,上海
2020/1/29,4.1865984,云南
2020/1/29,3.6632736,山西
2020/1/29,3.6632736,河北
2020/1/29,3.4016112,陕西
2020/1/29,3.4016112,北京
2020/1/29,3.1399488,福建
2020/1/29,2.0932992,辽宁
2020/1/29,1.5699744,海南
2020/1/29,1.5699744,贵州
2020/1/29,1.0466496,吉林
2020/1/29,1.0466496,新疆
2020/1/29,1.0466496,广西
2020/1/29,0.7849872,黑龙江
2020/1/29,0.7849872,甘肃
2020/1/29,0.7849872,内蒙古
2020/1/29,0.2616624,宁夏
2020/1/29,0.2616624,天津
2020/1/29,0.2616624,青海
2020/1/28,2796.655118,湖北
2020/1/28,70.0122852,河南
2020/1/28,54.0277452,湖南
2020/1/28,52.4292912,广东
2020/1/28,27.4934088,安徽
2020/1/28,27.173718,江西
2020/1/28,18.2223756,江苏
2020/1/28,15.6648492,上海
2020/1/28,14.386086,浙江
2020/1/28,13.1073228,四川
2020/1/28,12.4679412,重庆
2020/1/28,10.5497964,山东
2020/1/28,9.9104148,陕西
2020/1/28,7.6725792,河北
2020/1/28,7.3528884,福建
2020/1/28,7.0331976,海南
2020/1/28,6.7135068,北京
2020/1/28,6.393816,云南
2020/1/28,4.795362,辽宁
2020/1/28,4.795362,广西
2020/1/28,4.4756712,甘肃
2020/1/28,3.8362896,黑龙江
2020/1/28,3.5165988,内蒙古
2020/1/28,3.196908,贵州
2020/1/28,3.196908,山西
2020/1/28,2.2378356,天津
2020/1/28,2.2378356,吉林
2020/1/28,1.598454,新疆
2020/1/28,0.6393816,宁夏
2020/1/28,0.3196908,青海
2020/1/28,0.3196908,西藏
2020/1/27,3547.755742,湖北
2020/1/27,118.7461296,河南
2020/1/27,115.3042128,广东
2020/1/27,84.7572012,湖南
2020/1/27,62.8149816,安徽
2020/1/27,45.6053976,江西
2020/1/27,43.02396,江苏
2020/1/27,24.5236572,四川
2020/1/27,24.5236572,浙江
2020/1/27,23.2329384,重庆
2020/1/27,23.2329384,上海
2020/1/27,20.2212612,山东
2020/1/27,19.360782,福建
2020/1/27,16.3491048,广西
2020/1/27,14.6281464,陕西
2020/1/27,12.907188,云南
2020/1/27,12.907188,海南
2020/1/27,12.907188,河北
2020/1/27,11.6164692,北京
2020/1/27,10.3257504,贵州
2020/1/27,9.8955108,山西
2020/1/27,7.7443128,甘肃
2020/1/27,7.3140732,辽宁
2020/1/27,6.0233544,内蒙古
2020/1/27,5.5931148,黑龙江
2020/1/27,3.8721564,新疆
2020/1/27,3.8721564,吉林
2020/1/27,2.5814376,天津
2020/1/27,1.7209584,宁夏
2020/1/27,0.8604792,青海
2020/1/26,5041.883264,湖北
2020/1/26,271.033452,河南
2020/1/26,248.5575072,广东
2020/1/26,157.3316136,湖南
2020/1/26,97.1754084,安徽
2020/1/26,90.5648364,江西
2020/1/26,81.9710928,浙江
2020/1/26,81.9710928,江苏
2020/1/26,56.189862,四川
2020/1/26,42.3076608,重庆
2020/1/26,41.6466036,山东
2020/1/26,39.663432,福建
2020/1/26,35.0360316,云南
2020/1/26,33.7139172,上海
2020/1/26,33.05286,海南
2020/1/26,31.7307456,陕西
2020/1/26,27.7644024,北京
2020/1/26,27.7644024,河北
2020/1/26,27.7644024,广西
2020/1/26,26.442288,山西
2020/1/26,19.1706588,贵州
2020/1/26,15.2043156,辽宁
2020/1/26,15.2043156,甘肃
2020/1/26,10.5769152,内蒙古
2020/1/26,10.5769152,吉林
2020/1/26,8.5937436,黑龙江
2020/1/26,5.9495148,新疆
2020/1/26,3.9663432,青海
2020/1/26,3.305286,天津
2020/1/26,1.9831716,宁夏
2020/1/25,9668.049062,湖北
2020/1/25,561.4626132,河南
2020/1/25,404.5642848,广东
2020/1/25,306.0165744,湖南
2020/1/25,234.6991524,安徽
2020/1/25,176.3485344,江西
2020/1/25,169.8651324,江苏
2020/1/25,151.7116068,四川
2020/1/25,121.8879576,浙江
2020/1/25,119.2945968,重庆
2020/1/25,110.217834,山东
2020/1/25,92.0643084,广西
2020/1/25,88.1742672,海南
2020/1/25,88.1742672,福建
2020/1/25,84.284226,陕西
2020/1/25,70.0207416,云南
2020/1/25,68.7240612,河北
2020/1/25,63.5373396,上海
2020/1/25,54.4605768,北京
2020/1/25,51.867216,贵州
2020/1/25,50.5705356,山西
2020/1/25,37.6037316,甘肃
2020/1/25,33.7136904,黑龙江
2020/1/25,29.8236492,辽宁
2020/1/25,22.0435668,内蒙古
2020/1/25,20.7468864,吉林
2020/1/25,16.8568452,新疆
2020/1/25,10.3734432,天津
2020/1/25,7.7800824,宁夏
2020/1/25,6.483402,青海
2020/1/25,1.2966804,西藏
2020/1/24,28213.29805,湖北
2020/1/24,1939.031525,河南
2020/1/24,1214.814931,湖南
2020/1/24,1129.154904,广东
2020/1/24,767.0466072,安徽
2020/1/24,673.5993048,江西
2020/1/24,502.2792504,重庆
2020/1/24,490.5983376,江苏
2020/1/24,467.236512,四川
2020/1/24,358.2146592,山东
2020/1/24,350.427384,浙江
2020/1/24,338.7464712,福建
2020/1/24,284.2355448,陕西
2020/1/24,256.9800816,广西
2020/1/24,229.7246184,河北
2020/1/24,206.3627928,山西
2020/1/24,206.3627928,上海
2020/1/24,194.68188,海南
2020/1/24,167.4264168,云南
2020/1/24,151.8518664,北京
2020/1/24,144.0645912,贵州
2020/1/24,128.4900408,甘肃
2020/1/24,93.4473024,黑龙江
2020/1/24,73.9791144,辽宁
2020/1/24,70.0854768,吉林
2020/1/24,58.404564,内蒙古
2020/1/24,50.6172888,新疆
2020/1/24,35.0427384,天津
2020/1/24,19.468188,宁夏
2020/1/24,15.5745504,青海
2020/1/23,85289.01671,湖北
2020/1/23,5925.787762,河南
2020/1/23,3419.580532,湖南
2020/1/23,2138.63017,安徽
2020/1/23,2049.520579,江西
2020/1/23,1726.498314,广东
2020/1/23,1113.86988,重庆
2020/1/23,1058.176386,江苏
2020/1/23,924.5120004,四川
2020/1/23,801.9863136,福建
2020/1/23,768.5702172,山东
2020/1/23,735.1541208,浙江
2020/1/23,623.7671328,河北
2020/1/23,601.4897352,陕西
2020/1/23,579.2123376,广西
2020/1/23,523.5188436,山西
2020/1/23,400.9931568,北京
2020/1/23,367.5770604,云南
2020/1/23,356.4383616,海南
2020/1/23,345.2996628,上海
2020/1/23,323.0222652,贵州
2020/1/23,245.0513736,甘肃
2020/1/23,200.4965784,黑龙江
2020/1/23,189.3578796,辽宁
2020/1/23,122.5256868,吉林
2020/1/23,100.2482892,内蒙古
2020/1/23,100.2482892,新疆
2020/1/23,66.8321928,天津
2020/1/23,22.2773976,青海
2020/1/23,22.2773976,宁夏
2020/1/23,11.1386988,西藏
2020/1/22,88530.07862,湖北
2020/1/22,6713.461894,河南
2020/1/22,3836.263939,湖南
2020/1/22,2486.467368,安徽
2020/1/22,2308.862556,江西
2020/1/22,1847.090045,广东
2020/1/22,1231.393363,重庆
2020/1/22,1219.553042,江苏
2020/1/22,1148.511118,四川
2020/1/22,1006.427268,山东
2020/1/22,876.1837392,福建
2020/1/22,840.6627768,浙江
2020/1/22,840.6627768,河北
2020/1/22,674.8982856,陕西
2020/1/22,651.217644,广西
2020/1/22,568.3353984,山西
2020/1/22,461.7725112,云南
2020/1/22,461.7725112,北京
2020/1/22,390.7305864,海南
2020/1/22,355.209624,贵州
2020/1/22,331.5289824,上海
2020/1/22,319.6886616,甘肃
2020/1/22,248.6467368,辽宁
2020/1/22,236.806416,黑龙江
2020/1/22,142.0838496,内蒙古
2020/1/22,142.0838496,吉林
2020/1/22,106.5628872,新疆
2020/1/22,82.8822456,天津
2020/1/22,47.3612832,宁夏
2020/1/22,35.5209624,青海
2020/1/21,77132.77177,湖北
2020/1/21,6635.308039,河南
2020/1/21,3650.493096,湖南
2020/1/21,2437.240979,安徽
2020/1/21,2190.295858,江西
2020/1/21,1814.509804,广东
2020/1/21,1342.09305,重庆
2020/1/21,1245.46235,江苏
2020/1/21,1213.252117,四川
2020/1/21,1073.67444,山东
2020/1/21,955.5702516,浙江
2020/1/21,901.8865296,福建
2020/1/21,880.4130408,河北
2020/1/21,762.3088524,陕西
2020/1/21,665.6781528,广西
2020/1/21,558.3107088,山西
2020/1/21,504.6269868,北京
2020/1/21,493.8902424,云南
2020/1/21,407.9962872,贵州
2020/1/21,386.5227984,海南
2020/1/21,354.3125652,上海
2020/1/21,311.3655876,辽宁
2020/1/21,300.6288432,甘肃
2020/1/21,246.9451212,黑龙江
2020/1/21,161.051166,吉林
2020/1/21,150.3144216,内蒙古
2020/1/21,118.1041884,新疆
2020/1/21,96.6306996,天津
2020/1/21,53.683722,宁夏
2020/1/21,21.4734888,青海
2020/1/20,58705.59444,湖北
2020/1/20,5166.956239,河南
2020/1/20,2791.15321,湖南
2020/1/20,1885.689817,安徽
2020/1/20,1736.163752,江西
2020/1/20,1378.962598,广东
2020/1/20,1054.989457,重庆
2020/1/20,1046.682454,江苏
2020/1/20,1005.147436,四川
2020/1/20,855.6213708,山东
2020/1/20,822.3933564,浙江
2020/1/20,780.8583384,河北
2020/1/20,747.630324,福建
2020/1/20,606.4112628,陕西
2020/1/20,598.1042592,广西
2020/1/20,465.1922016,北京
2020/1/20,456.885198,山西
2020/1/20,407.0431764,云南
2020/1/20,382.1221656,上海
2020/1/20,373.815162,贵州
2020/1/20,307.3591332,海南
2020/1/20,282.4381224,辽宁
2020/1/20,240.9031044,甘肃
2020/1/20,224.2890972,黑龙江
2020/1/20,132.9120576,吉林
2020/1/20,116.2980504,内蒙古
2020/1/20,107.9910468,新疆
2020/1/20,91.3770396,天津
2020/1/20,49.8420216,宁夏
2020/1/20,24.9210108,青海
2020/1/20,8.3070036,西藏
2020/1/19,51471.41922,湖北
2020/1/19,4339.892326,河南
2020/1/19,2540.244143,湖南
2020/1/19,1681.152829,安徽
2020/1/19,1651.528991,江西
2020/1/19,1310.854849,广东
2020/1/19,1029.428384,江苏
2020/1/19,992.3985864,四川
2020/1/19,955.3687884,重庆
2020/1/19,836.8734348,山东
2020/1/19,770.2197984,浙江
2020/1/19,748.0019196,福建
2020/1/19,740.59596,河北
2020/1/19,614.6946468,陕西
2020/1/19,562.8529296,广西
2020/1/19,503.6052528,北京
2020/1/19,422.1396972,山西
2020/1/19,414.7337376,上海
2020/1/19,362.8920204,云南
2020/1/19,348.0801012,贵州
2020/1/19,288.8324244,海南
2020/1/19,281.4264648,辽宁
2020/1/19,236.9907072,黑龙江
2020/1/19,229.5847476,甘肃
2020/1/19,140.7132324,吉林
2020/1/19,103.6834344,内蒙古
2020/1/19,103.6834344,天津
2020/1/19,88.8715152,新疆
2020/1/19,59.2476768,宁夏
2020/1/19,22.2178788,青海
2020/1/19,7.4059596,西藏
2020/1/18,53961.38209,湖北
2020/1/18,4319.378784,河南
2020/1/18,2892.44115,湖南
2020/1/18,1858.875512,安徽
2020/1/18,1727.751514,江西
2020/1/18,1249.534577,广东
2020/1/18,1195.542342,江苏
2020/1/18,979.5734028,重庆
2020/1/18,910.1548152,四川
2020/1/18,879.3021096,浙江
2020/1/18,871.5889332,山东
2020/1/18,748.1781108,河北
2020/1/18,709.6122288,福建
2020/1/18,563.0618772,北京
2020/1/18,539.922348,陕西
2020/1/18,462.790584,上海
2020/1/18,462.790584,广西
2020/1/18,408.7983492,山西
2020/1/18,347.092938,贵州
2020/1/18,347.092938,云南
2020/1/18,262.2479976,辽宁
2020/1/18,246.8216448,海南
2020/1/18,215.9689392,黑龙江
2020/1/18,215.9689392,甘肃
2020/1/18,146.5503516,新疆
2020/1/18,131.1239988,吉林
2020/1/18,107.9844696,天津
2020/1/18,92.5581168,内蒙古
2020/1/18,53.9922348,宁夏
2020/1/18,30.8527056,青海
2020/1/18,7.7131764,西藏
2020/1/17,43141.23789,湖北
2020/1/17,4104.087296,河南
2020/1/17,2312.978555,湖南
2020/1/17,1623.594974,安徽
2020/1/17,1546.280928,江西
2020/1/17,1191.924882,广东
2020/1/17,1095.282324,江苏
2020/1/17,850.4545104,重庆
2020/1/17,824.6831616,四川
2020/1/17,805.35465,山东
2020/1/17,747.3691152,浙江
2020/1/17,721.5977664,河北
2020/1/17,689.3835804,北京
2020/1/17,670.0550688,福建
2020/1/17,515.426976,上海
2020/1/17,502.5413016,广西
2020/1/17,463.8842784,陕西
2020/1/17,367.2417204,山西
2020/1/17,347.9132088,云南
2020/1/17,328.5846972,贵州
2020/1/17,251.2706508,辽宁
2020/1/17,244.8278136,海南
2020/1/17,212.6136276,甘肃
2020/1/17,212.6136276,黑龙江
2020/1/17,141.7424184,吉林
2020/1/17,115.9710696,内蒙古
2020/1/17,96.642558,天津
2020/1/17,96.642558,新疆
2020/1/17,32.214186,宁夏
2020/1/17,25.7713488,青海
2020/1/17,6.4428372,西藏
2020/1/16,39468.28113,湖北
2020/1/16,3877.796138,河南
2020/1/16,2179.009285,湖南
2020/1/16,1458.675637,安徽
2020/1/16,1440.667296,江西
2020/1/16,1170.542178,广东
2020/1/16,990.458766,江苏
2020/1/16,870.403158,重庆
2020/1/16,864.4003776,四川
2020/1/16,768.3558912,北京
2020/1/16,744.3447696,山东
2020/1/16,714.3308676,浙江
2020/1/16,642.2975028,福建
2020/1/16,642.2975028,河北
2020/1/16,552.2557968,上海
2020/1/16,486.2252124,广西
2020/1/16,480.222432,陕西
2020/1/16,354.1640436,贵州
2020/1/16,348.1612632,云南
2020/1/16,306.1418004,山西
2020/1/16,252.1167768,海南
2020/1/16,252.1167768,辽宁
2020/1/16,210.097314,甘肃
2020/1/16,204.0945336,黑龙江
2020/1/16,144.0667296,新疆
2020/1/16,126.0583884,内蒙古
2020/1/16,120.055608,天津
2020/1/16,108.0500472,吉林
2020/1/16,54.0250236,宁夏
2020/1/16,36.0166824,青海
2020/1/16,12.0055608,西藏
2020/1/15,39115.31861,湖北
2020/1/15,3562.921015,河南
2020/1/15,2109.391049,湖南
2020/1/15,1494.890575,安徽
2020/1/15,1341.265457,江西
2020/1/15,1140.371071,广东
2020/1/15,986.7459528,江苏
2020/1/15,909.9333936,重庆
2020/1/15,833.1208344,四川
2020/1/15,768.125592,北京
2020/1/15,709.039008,山东
2020/1/15,685.4043744,河北
2020/1/15,673.5870576,浙江
2020/1/15,590.86584,福建
2020/1/15,537.6879144,上海
2020/1/15,508.1446224,广西
2020/1/15,443.14938,陕西
2020/1/15,384.062796,山西
2020/1/15,348.6108456,贵州
2020/1/15,324.976212,云南
2020/1/15,242.2549944,甘肃
2020/1/15,224.5290192,海南
2020/1/15,212.7117024,辽宁
2020/1/15,194.9857272,黑龙江
2020/1/15,147.71646,新疆
2020/1/15,129.9904848,天津
2020/1/15,112.2645096,吉林
2020/1/15,106.3558512,内蒙古
2020/1/15,47.2692672,宁夏
2020/1/15,41.3606088,青海
2020/1/15,11.8173168,西藏
2020/1/14,35366.62435,湖北
2020/1/14,3149.157755,河南
2020/1/14,2084.884337,湖南
2020/1/14,1315.332788,安徽
2020/1/14,1222.549978,江西
2020/1/14,1189.803103,广东
2020/1/14,955.11717,江苏
2020/1/14,829.5874848,四川
2020/1/14,780.4671732,重庆
2020/1/14,775.0093608,北京
2020/1/14,687.6843624,山东
2020/1/14,682.22655,浙江
2020/1/14,567.6124896,上海
2020/1/14,551.2390524,福建
2020/1/14,551.2390524,广西
2020/1/14,551.2390524,河北
2020/1/14,447.5406168,陕西
2020/1/14,436.624992,贵州
2020/1/14,376.5890556,山西
2020/1/14,354.757806,云南
2020/1/14,261.9749952,甘肃
2020/1/14,223.7703084,辽宁
2020/1/14,212.8546836,海南
2020/1/14,207.3968712,新疆
2020/1/14,180.1078092,黑龙江
2020/1/14,120.0718728,内蒙古
2020/1/14,120.0718728,吉林
2020/1/14,92.7828108,天津
2020/1/14,60.0359364,宁夏
2020/1/14,54.578124,青海
2020/1/14,16.3734372,西藏
2020/1/13,36819.48928,湖北
2020/1/13,3076.933846,河南
2020/1/13,2172.292247,湖南
2020/1/13,1411.701858,广东
2020/1/13,1336.795229,安徽
2020/1/13,1296.46089,江西
2020/1/13,1025.644615,江苏
2020/1/13,870.0693084,四川
2020/1/13,829.7349696,北京
2020/1/13,789.4006308,浙江
2020/1/13,766.3524372,重庆
2020/1/13,749.066292,山东
2020/1/13,691.445808,广西
2020/1/13,651.1114692,河北
2020/1/13,645.3494208,上海
2020/1/13,587.7289368,福建
2020/1/13,564.6807432,贵州
2020/1/13,484.0120656,陕西
2020/1/13,460.963872,山西
2020/1/13,460.963872,云南
2020/1/13,299.6265168,甘肃
2020/1/13,242.0060328,辽宁
2020/1/13,230.481936,海南
2020/1/13,218.9578392,新疆
2020/1/13,195.9096456,黑龙江
2020/1/13,161.3373552,内蒙古
2020/1/13,132.5271132,吉林
2020/1/13,126.7650648,天津
2020/1/13,86.430726,宁夏
2020/1/13,57.620484,青海
2020/1/13,23.0481936,西藏
2020/1/12,41265.281,湖北
2020/1/12,3064.745938,河南
2020/1/12,2144.700504,湖南
2020/1/12,1411.150766,广东
2020/1/12,1317.902918,安徽
2020/1/12,1230.871594,江西
2020/1/12,1044.375898,江苏
2020/1/12,957.3445728,四川
2020/1/12,833.0141088,重庆
2020/1/12,820.5810624,山东
2020/1/12,795.7149696,浙江
2020/1/12,752.1993072,北京
2020/1/12,745.982784,广西
2020/1/12,646.5184128,河北
2020/1/12,578.1366576,福建
2020/1/12,540.8375184,贵州
2020/1/12,528.404472,上海
2020/1/12,491.1053328,陕西
2020/1/12,478.6722864,山西
2020/1/12,428.9401008,云南
2020/1/12,304.6096368,甘肃
2020/1/12,285.9600672,海南
2020/1/12,230.0113584,辽宁
2020/1/12,230.0113584,新疆
2020/1/12,223.7948352,黑龙江
2020/1/12,186.495696,内蒙古
2020/1/12,136.7635104,天津
2020/1/12,124.330464,吉林
2020/1/12,99.4643712,宁夏
2020/1/12,80.8148016,青海
2020/1/12,31.082616,西藏
2020/1/11,50985.09068,湖北
2020/1/11,3720.104496,河南
2020/1/11,2714.466492,湖南
2020/1/11,1708.828488,安徽
2020/1/11,1678.583736,广东
2020/1/11,1625.65542,江西
2020/1/11,1345.891464,江苏
2020/1/11,1043.443944,浙江
2020/1/11,967.832064,四川
2020/1/11,907.34256,重庆
2020/1/11,877.097808,北京
2020/1/11,846.853056,山东
2020/1/11,748.557612,河北
2020/1/11,740.996424,广西
2020/1/11,733.435236,上海
2020/1/11,657.823356,福建
2020/1/11,582.211476,陕西
2020/1/11,574.650288,贵州
2020/1/11,506.599596,山西
2020/1/11,491.47722,云南
2020/1/11,302.44752,甘肃
2020/1/11,272.202768,海南
2020/1/11,272.202768,辽宁
2020/1/11,241.958016,新疆
2020/1/11,219.274452,黑龙江
2020/1/11,173.907324,内蒙古
2020/1/11,166.346136,天津
2020/1/11,120.979008,吉林
2020/1/11,105.856632,宁夏
2020/1/11,52.928316,青海
2020/1/11,15.122376,西藏
2020/1/10,40938.24891,湖北
2020/1/10,3463.954729,河南
2020/1/10,2583.063756,湖南
2020/1/10,1874.377033,广东
2020/1/10,1669.056581,安徽
2020/1/10,1470.359369,江西
2020/1/10,1463.736128,江苏
2020/1/10,1079.588185,北京
2020/1/10,1072.964945,浙江
2020/1/10,1033.225502,山东
2020/1/10,980.2395792,重庆
2020/1/10,980.2395792,四川
2020/1/10,827.90505,河北
2020/1/10,781.5423672,上海
2020/1/10,774.9191268,广西
2020/1/10,675.5705208,贵州
2020/1/10,649.0775592,福建
2020/1/10,556.3521936,陕西
2020/1/10,549.7289532,山西
2020/1/10,490.1197896,云南
2020/1/10,344.4085008,甘肃
2020/1/10,304.6690584,海南
2020/1/10,284.7993372,辽宁
2020/1/10,238.4366544,新疆
2020/1/10,205.3204524,内蒙古
2020/1/10,205.3204524,黑龙江
2020/1/10,192.0739716,天津
2020/1/10,125.8415676,吉林
2020/1/10,112.5950868,宁夏
2020/1/10,86.1021252,青海
2020/1/10,26.4929616,西藏
2020/1/9,50099.49118,湖北
2020/1/9,4324.257122,河南
2020/1/9,2939.843354,湖南
2020/1/9,2255.780081,广东
2020/1/9,1987.040938,安徽
2020/1/9,1856.743171,江西
2020/1/9,1710.158184,江苏
2020/1/9,1343.695716,四川
2020/1/9,1286.690443,山东
2020/1/9,1278.546833,浙江
2020/1/9,1213.39795,北京
2020/1/9,1188.967118,重庆
2020/1/9,1034.238521,河北
2020/1/9,1026.09491,广西
2020/1/9,1009.80769,贵州
2020/1/9,903.9407544,上海
2020/1/9,830.6482608,福建
2020/1/9,732.924936,山西
2020/1/9,708.4941048,陕西
2020/1/9,610.77078,云南
2020/1/9,472.3294032,甘肃
2020/1/9,431.6113512,海南
2020/1/9,350.1752472,辽宁
2020/1/9,325.744416,新疆
2020/1/9,285.026364,黑龙江
2020/1/9,268.7391432,内蒙古
2020/1/9,219.8774808,天津
2020/1/9,187.3030392,吉林
2020/1/9,179.1594288,宁夏
2020/1/9,89.5797144,青海
2020/1/9,40.718052,西藏
2020/1/8,45071.77103,湖北
2020/1/8,3693.564814,河南
2020/1/8,2768.337842,湖南
2020/1/8,2144.17679,广东
2020/1/8,1777.02323,安徽
2020/1/8,1571.417237,江苏
2020/1/8,1564.074166,江西
2020/1/8,1343.78203,北京
2020/1/8,1255.665175,浙江
2020/1/8,1108.803751,四川
2020/1/8,1064.745324,山东
2020/1/8,954.599256,贵州
2020/1/8,932.5700424,重庆
2020/1/8,925.2269712,上海
2020/1/8,888.5116152,河北
2020/1/8,859.1393304,广西
2020/1/8,741.6501912,福建
2020/1/8,668.2194792,陕西
2020/1/8,638.8471944,云南
2020/1/8,609.4749096,山西
2020/1/8,418.5550584,甘肃
2020/1/8,396.5258448,海南
2020/1/8,337.7812752,新疆
2020/1/8,315.7520616,辽宁
2020/1/8,249.6644208,黑龙江
2020/1/8,220.292136,天津
2020/1/8,220.292136,内蒙古
2020/1/8,183.57678,吉林
2020/1/8,124.8322104,宁夏
2020/1/8,117.4891392,青海
2020/1/8,29.3722848,西藏
2020/1/7,39794.42902,湖北
2020/1/7,3202.5132,河南
2020/1/7,2408.289926,湖南
2020/1/7,1889.482788,广东
2020/1/7,1492.371151,安徽
2020/1/7,1389.890729,江苏
2020/1/7,1377.080676,江西
2020/1/7,1242.575122,北京
2020/1/7,1037.614277,浙江
2020/1/7,967.1589864,山东
2020/1/7,941.5388808,四川
2020/1/7,832.653432,上海
2020/1/7,794.2232736,重庆
2020/1/7,742.9830624,贵州
2020/1/7,717.3629568,河北
2020/1/7,640.50264,广西
2020/1/7,595.6674552,陕西
2020/1/7,576.452376,福建
2020/1/7,505.9970856,云南
2020/1/7,461.1619008,山西
2020/1/7,422.7317424,海南
2020/1/7,352.276452,甘肃
2020/1/7,320.25132,辽宁
2020/1/7,262.6060824,新疆
2020/1/7,217.7708976,黑龙江
2020/1/7,179.3407392,内蒙古
2020/1/7,172.9357128,天津
2020/1/7,128.100528,吉林
2020/1/7,89.6703696,青海
2020/1/7,83.2653432,宁夏
2020/1/7,25.6201056,西藏
2020/1/6,34893.18667,湖北
2020/1/6,2715.096348,河南
2020/1/6,2037.721795,湖南
2020/1/6,1741.020545,广东
2020/1/6,1276.37519,安徽
2020/1/6,1231.590096,江西
2020/1/6,1225.991959,江苏
2020/1/6,1181.206865,北京
2020/1/6,974.0758032,浙江
2020/1/6,789.3372888,山东
2020/1/6,761.3466048,四川
2020/1/6,744.5521944,上海
2020/1/6,688.5708264,重庆
2020/1/6,654.9820056,贵州
2020/1/6,582.2062272,河北
2020/1/6,531.822996,陕西
2020/1/6,509.4304488,福建
2020/1/6,492.6360384,广西
2020/1/6,475.841628,云南
2020/1/6,358.2807552,山西
2020/1/6,341.4863448,海南
2020/1/6,296.7012504,甘肃
2020/1/6,268.7105664,辽宁
2020/1/6,240.7198824,新疆
2020/1/6,173.5422408,天津
2020/1/6,167.944104,黑龙江
2020/1/6,145.5515568,内蒙古
2020/1/6,111.962736,吉林
2020/1/6,78.3739152,青海
2020/1/6,72.7757784,宁夏
2020/1/6,27.990684,西藏
2020/1/5,33526.2864,湖北
2020/1/5,2565.434203,河南
2020/1/5,1852.222205,广东
2020/1/5,1836.254772,湖南
2020/1/5,1224.169848,安徽
2020/1/5,1192.234982,江苏
2020/1/5,1176.26755,北京
2020/1/5,1139.010206,江西
2020/1/5,979.3358784,浙江
2020/1/5,846.2739384,上海
2020/1/5,713.2119984,四川
2020/1/5,675.9546552,山东
2020/1/5,606.7624464,重庆
2020/1/5,542.8927152,贵州
2020/1/5,537.5702376,河北
2020/1/5,484.3454616,陕西
2020/1/5,473.7005064,广西
2020/1/5,447.0881184,福建
2020/1/5,383.2183872,云南
2020/1/5,276.7688352,海南
2020/1/5,271.4463576,山西
2020/1/5,234.1890144,甘肃
2020/1/5,228.8665368,辽宁
2020/1/5,170.3192832,新疆
2020/1/5,170.3192832,天津
2020/1/5,149.0293728,黑龙江
2020/1/5,106.449552,内蒙古
2020/1/5,101.1270744,吉林
2020/1/5,74.5146864,宁夏
2020/1/5,53.224776,青海
2020/1/5,15.9674328,西藏
2020/1/4,41320.16984,湖北
2020/1/4,2683.920096,河南
2020/1/4,1982.44098,湖南
2020/1/4,1683.549878,广东
2020/1/4,1305.361138,安徽
2020/1/4,1219.96368,江西
2020/1/4,1146.765859,江苏
2020/1/4,896.6733048,浙江
2020/1/4,860.0743944,北京
2020/1/4,701.479116,山东
2020/1/4,695.3792976,四川
2020/1/4,695.3792976,上海
2020/1/4,634.3811136,重庆
2020/1/4,573.3829296,贵州
2020/1/4,512.3847456,福建
2020/1/4,512.3847456,广西
2020/1/4,512.3847456,河北
2020/1/4,451.3865616,陕西
2020/1/4,390.3883776,云南
2020/1/4,359.8892856,山西
2020/1/4,286.6914648,海南
2020/1/4,237.8929176,甘肃
2020/1/4,231.7930992,辽宁
2020/1/4,176.8947336,新疆
2020/1/4,164.6950968,天津
2020/1/4,158.5952784,黑龙江
2020/1/4,134.1960048,内蒙古
2020/1/4,109.7967312,吉林
2020/1/4,79.2976392,宁夏
2020/1/4,60.998184,青海
2020/1/4,18.2994552,西藏
2020/1/3,37146.2458,湖北
2020/1/3,2513.614194,河南
2020/1/3,2060.611196,湖南
2020/1/3,1651.803613,广东
2020/1/3,1248.520457,安徽
2020/1/3,1104.88536,江西
2020/1/3,1060.689946,江苏
2020/1/3,906.0059952,浙江
2020/1/3,872.8594344,北京
2020/1/3,657.4067892,上海
2020/1/3,591.1136676,山东
2020/1/3,569.0159604,重庆
2020/1/3,546.9182532,四川
2020/1/3,491.6739852,贵州
2020/1/3,464.0518512,福建
2020/1/3,425.3808636,广西
2020/1/3,425.3808636,河北
2020/1/3,397.7587296,陕西
2020/1/3,364.6121688,云南
2020/1/3,259.6480596,山西
2020/1/3,232.0259256,海南
2020/1/3,176.7816576,辽宁
2020/1/3,171.2572308,甘肃
2020/1/3,160.2083772,新疆
2020/1/3,143.6350968,黑龙江
2020/1/3,127.0618164,天津
2020/1/3,93.9152556,内蒙古
2020/1/3,88.3908288,吉林
2020/1/3,44.1954144,宁夏
2020/1/3,38.6709876,青海
2020/1/3,16.5732804,西藏
2020/1/2,21616.38161,湖北
2020/1/2,1737.628589,河南
2020/1/2,1325.250202,广东
2020/1/2,1318.200998,湖南
2020/1/2,909.3472128,安徽
2020/1/2,838.8551808,江西
2020/1/2,803.6091648,江苏
2020/1/2,704.92032,浙江
2020/1/2,669.674304,北京
2020/1/2,479.3458176,四川
2020/1/2,475.821216,山东
2020/1/2,475.821216,上海
2020/1/2,405.329184,重庆
2020/1/2,363.0339648,福建
2020/1/2,348.9355584,陕西
2020/1/2,348.9355584,贵州
2020/1/2,345.4109568,河北
2020/1/2,327.7879488,广西
2020/1/2,281.968128,云南
2020/1/2,236.1483072,海南
2020/1/2,232.6237056,山西
2020/1/2,162.1316736,甘肃
2020/1/2,151.5578688,辽宁
2020/1/2,119.8364544,新疆
2020/1/2,112.7872512,黑龙江
2020/1/2,88.11504,天津
2020/1/2,74.0166336,内蒙古
2020/1/2,63.4428288,吉林
2020/1/2,49.3444224,宁夏
2020/1/2,38.7706176,青海
2020/1/2,10.5738048,西藏
2020/1/1,24957.61745,湖北
2020/1/1,1427.038074,河南
2020/1/1,1067.687082,湖南
2020/1/1,901.832778,广东
2020/1/1,670.327812,安徽
2020/1/1,649.596024,江西
2020/1/1,545.937084,江苏
2020/1/1,480.286422,浙江
2020/1/1,442.278144,北京
2020/1/1,359.350992,上海
2020/1/1,293.70033,重庆
2020/1/1,290.245032,山东
2020/1/1,286.789734,四川
2020/1/1,234.960264,河北
2020/1/1,231.504966,陕西
2020/1/1,221.139072,贵州
2020/1/1,210.773178,福建
2020/1/1,186.586092,云南
2020/1/1,179.675496,广西
2020/1/1,155.48841,海南
2020/1/1,141.667218,山西
2020/1/1,114.024834,辽宁
2020/1/1,76.016556,黑龙江
2020/1/1,72.561258,甘肃
2020/1/1,69.10596,天津
2020/1/1,62.195364,新疆
2020/1/1,44.918874,吉林
2020/1/1,41.463576,内蒙古
2020/1/1,20.731788,宁夏
2020/1/1,17.27649,青海
2020/1/1,3.455298,西藏
